"use","site_id","site_name","diocese","site_location","keyword","score","reason","gal_content_id","gal_title","gal_image_url","gal_location","gal_photographer","gal_month","gal_keywords"
"","27c44eb0-4bea-451d-ad62-994eba78d04b","경주 관아와 옥 터","대구","경상북도 경주시 동부동 일대 (옛 경주읍성 옥터)","경주","6","제목⊃검색어·종교어·같은 도","3502059","경주 계림","https://tong.visitkorea.or.kr/cms2/website/59/3502059.jpg","경상북도 경주시 교동","이효직","202504","경주 계림, 경상북도 경주시, 국가유산, 문화유산, 사적 제19호, 숲, 경주역사유적지구, 월성지구, 유네스코 세계문화유산, 유네스코 세계유산, 4월 추천여행지, 사진기자단, 프레임코리아3기"
"","27c44eb0-4bea-451d-ad62-994eba78d04b","경주 관아와 옥 터","대구","경상북도 경주시 동부동 일대 (옛 경주읍성 옥터)","경주","6","제목⊃검색어·종교어·같은 도","3502060","경주 계림","https://tong.visitkorea.or.kr/cms2/website/60/3502060.jpg","경상북도 경주시 교동","이효직","202504","경주 계림, 경상북도 경주시, 국가유산, 문화유산, 사적 제19호, 숲, 경주역사유적지구, 월성지구, 유네스코 세계문화유산, 유네스코 세계유산, 4월 추천여행지, 사진기자단, 프레임코리아3기"
"","27c44eb0-4bea-451d-ad62-994eba78d04b","경주 관아와 옥 터","대구","경상북도 경주시 동부동 일대 (옛 경주읍성 옥터)","경주","5","검색어⊃검색어·종교어·같은 도","3502057","인왕동 고분군","https://tong.visitkorea.or.kr/cms2/website/57/3502057.jpg","경상북도 경주시 황남동","김계호","202504","인왕동 고분군, 경상북도 경주시, 국가유산, 문화유산, 사적 제42호, 묘, 무덤, 능, 경주역사유적지구, 월성지구, 4월 추천여행지, 사진기자단, 프레임코리아3기"
"","27c44eb0-4bea-451d-ad62-994eba78d04b","경주 관아와 옥 터","대구","경상북도 경주시 동부동 일대 (옛 경주읍성 옥터)","경주","5","검색어⊃검색어·종교어·같은 도","3502056","인왕동 고분군","https://tong.visitkorea.or.kr/cms2/website/56/3502056.jpg","경상북도 경주시 황남동","장재윤","202504","인왕동 고분군, 경상북도 경주시, 국가유산, 문화유산, 사적 제42호, 묘, 무덤, 능, 경주역사유적지구, 월성지구, 4월 추천여행지, 사진기자단, 프레임코리아3기"
"","27c44eb0-4bea-451d-ad62-994eba78d04b","경주 관아와 옥 터","대구","경상북도 경주시 동부동 일대 (옛 경주읍성 옥터)","경주","5","검색어⊃검색어·종교어·같은 도","3502054","인왕동 고분군","https://tong.visitkorea.or.kr/cms2/website/54/3502054.jpg","경상북도 경주시 황남동","이효직","202504","인왕동 고분군, 경상북도 경주시, 국가유산, 문화유산, 사적 제42호, 묘, 무덤, 능, 경주역사유적지구, 월성지구, 4월 추천여행지, 사진기자단, 프레임코리아3기"
"","27c44eb0-4bea-451d-ad62-994eba78d04b","경주 관아와 옥 터","대구","경상북도 경주시 동부동 일대 (옛 경주읍성 옥터)","경주","5","검색어⊃검색어·종교어·같은 도","3502055","인왕동 고분군","https://tong.visitkorea.or.kr/cms2/website/55/3502055.jpg","경상북도 경주시 황남동","이효직","202504","인왕동 고분군, 경상북도 경주시, 국가유산, 문화유산, 사적 제42호, 묘, 무덤, 능, 경주역사유적지구, 월성지구, 4월 추천여행지, 사진기자단, 프레임코리아3기"
"","27c44eb0-4bea-451d-ad62-994eba78d04b","경주 관아와 옥 터","대구","경상북도 경주시 동부동 일대 (옛 경주읍성 옥터)","경주","5","검색어⊃검색어·종교어·같은 도","3502053","인왕동 고분군","https://tong.visitkorea.or.kr/cms2/website/53/3502053.jpg","경상북도 경주시 황남동","이효직","202504","인왕동 고분군, 경상북도 경주시, 국가유산, 문화유산, 사적 제42호, 묘, 무덤, 능, 경주역사유적지구, 월성지구, 4월 추천여행지, 사진기자단, 프레임코리아3기"
"","27c44eb0-4bea-451d-ad62-994eba78d04b","경주 관아와 옥 터","대구","경상북도 경주시 동부동 일대 (옛 경주읍성 옥터)","경주","5","검색어⊃검색어·종교어·같은 도","3502051","인왕동 고분군","https://tong.visitkorea.or.kr/cms2/website/51/3502051.jpg","경상북도 경주시 황남동","황성훈","202504","인왕동 고분군, 경상북도 경주시, 국가유산, 문화유산, 사적 제42호, 묘, 무덤, 능, 경주역사유적지구, 월성지구, 4월 추천여행지, 사진기자단, 프레임코리아3기"
"","27c44eb0-4bea-451d-ad62-994eba78d04b","경주 관아와 옥 터","대구","경상북도 경주시 동부동 일대 (옛 경주읍성 옥터)","경주","5","검색어⊃검색어·종교어·같은 도","3501991","첨성대","https://tong.visitkorea.or.kr/cms2/website/91/3501991.jpg","경상북도 경주시 황남동","조영권","202504","첨성대, 경상북도 경주시, 유네스코 세계문화유산, 유네스코 세계유산, 국가유산, 문화유산, 국보 제31호, 경주역사유적지구, 월성지구, 천문관측기구, 4월 추천여행지, 사진기자단, 프레임코리아3기"
"","27c44eb0-4bea-451d-ad62-994eba78d04b","경주 관아와 옥 터","대구","경상북도 경주시 동부동 일대 (옛 경주읍성 옥터)","경주","5","검색어⊃검색어·종교어·같은 도","3502000","첨성대","https://tong.visitkorea.or.kr/cms2/website/00/3502000.jpg","경상북도 경주시 황남동","천건엽","202504","첨성대, 경상북도 경주시, 유네스코 세계문화유산, 유네스코 세계유산, 국가유산, 문화유산, 국보 제31호, 경주역사유적지구, 월성지구, 천문관측기구, 4월 추천여행지, 사진기자단, 프레임코리아3기"
"","27c44eb0-4bea-451d-ad62-994eba78d04b","경주 관아와 옥 터","대구","경상북도 경주시 동부동 일대 (옛 경주읍성 옥터)","경주","5","검색어⊃검색어·종교어·같은 도","3501987","첨성대","https://tong.visitkorea.or.kr/cms2/website/87/3501987.jpg","경상북도 경주시 황남동","이효직","202504","첨성대, 경상북도 경주시, 유네스코 세계문화유산, 유네스코 세계유산, 국가유산, 문화유산, 국보 제31호, 경주역사유적지구, 월성지구, 천문관측기구, 봄, 유채꽃밭, 4월 추천여행지, 사진기자단, 프레임코리아3기"
"","27c44eb0-4bea-451d-ad62-994eba78d04b","경주 관아와 옥 터","대구","경상북도 경주시 동부동 일대 (옛 경주읍성 옥터)","경주","5","검색어⊃검색어·종교어·같은 도","3501989","첨성대","https://tong.visitkorea.or.kr/cms2/website/89/3501989.jpg","경상북도 경주시 황남동","장재윤","202504","첨성대, 경상북도 경주시, 유네스코 세계문화유산, 유네스코 세계유산, 국가유산, 문화유산, 국보 제31호, 경주역사유적지구, 월성지구, 천문관측기구, 봄, 유채꽃밭, 4월 추천여행지, 사진기자단, 프레임코리아3기"
"","0d108f88-ba9a-456b-be67-41eb28b99d7e","기장 성지","부산","부산광역시 기장군","기장","5","검색어⊃검색어·종교어·같은 도","2988757","죽성성당","https://tong.visitkorea.or.kr/cms2/website/57/2988757.jpg","부산광역시 기장군 기장읍","한국관광공사 송재근","202206","죽성성당, 부산광역시 기장군, 죽성드림세트장, 드라마 세트장, 바다"
"","0d108f88-ba9a-456b-be67-41eb28b99d7e","기장 성지","부산","부산광역시 기장군","기장","5","검색어⊃검색어·종교어·같은 도","2988756","죽성성당","https://tong.visitkorea.or.kr/cms2/website/56/2988756.jpg","부산광역시 기장군 기장읍","한국관광공사 송재근","202206","죽성성당, 부산광역시 기장군, 죽성드림세트장, 드라마 세트장, 바다"
"","0d108f88-ba9a-456b-be67-41eb28b99d7e","기장 성지","부산","부산광역시 기장군","기장","5","검색어⊃검색어·종교어·같은 도","2988755","죽성성당","https://tong.visitkorea.or.kr/cms2/website/55/2988755.jpg","부산광역시 기장군 기장읍","한국관광공사 송재근","202206","죽성성당, 부산광역시 기장군, 죽성드림세트장, 드라마 세트장, 바다"
"","0d108f88-ba9a-456b-be67-41eb28b99d7e","기장 성지","부산","부산광역시 기장군","기장","5","검색어⊃검색어·종교어·같은 도","2988754","죽성성당","https://tong.visitkorea.or.kr/cms2/website/54/2988754.jpg","부산광역시 기장군 기장읍","한국관광공사 송재근","202206","죽성성당, 부산광역시 기장군, 죽성드림세트장, 드라마 세트장, 바다"
"","0d108f88-ba9a-456b-be67-41eb28b99d7e","기장 성지","부산","부산광역시 기장군","기장","5","검색어⊃검색어·종교어·같은 도","2988746","죽성성당","https://tong.visitkorea.or.kr/cms2/website/46/2988746.jpg","부산광역시 기장군 기장읍","한국관광공사 송재근","202206","죽성성당, 부산광역시 기장군, 죽성드림세트장, 드라마 세트장, 바다"
"","0d108f88-ba9a-456b-be67-41eb28b99d7e","기장 성지","부산","부산광역시 기장군","기장","5","검색어⊃검색어·종교어·같은 도","2988744","죽성성당","https://tong.visitkorea.or.kr/cms2/website/44/2988744.jpg","부산광역시 기장군 기장읍","한국관광공사 송재근","202206","죽성성당, 부산광역시 기장군, 죽성드림세트장, 드라마 세트장"
"","0d108f88-ba9a-456b-be67-41eb28b99d7e","기장 성지","부산","부산광역시 기장군","기장","5","검색어⊃검색어·종교어·같은 도","2988743","죽성성당","https://tong.visitkorea.or.kr/cms2/website/43/2988743.jpg","부산광역시 기장군 기장읍","한국관광공사 송재근","202206","죽성성당, 부산광역시 기장군, 죽성드림세트장, 드라마 세트장, 바다"
"","0d108f88-ba9a-456b-be67-41eb28b99d7e","기장 성지","부산","부산광역시 기장군","기장","5","검색어⊃검색어·종교어·같은 도","2988742","죽성성당","https://tong.visitkorea.or.kr/cms2/website/42/2988742.jpg","부산광역시 기장군 기장읍","한국관광공사 송재근","202206","죽성성당, 부산광역시 기장군, 죽성드림세트장, 드라마 세트장, 바다"
"","0d108f88-ba9a-456b-be67-41eb28b99d7e","기장 성지","부산","부산광역시 기장군","기장","5","검색어⊃검색어·종교어·같은 도","2988741","죽성성당","https://tong.visitkorea.or.kr/cms2/website/41/2988741.jpg","부산광역시 기장군 기장읍","한국관광공사 송재근","202206","죽성성당, 부산광역시 기장군, 죽성드림세트장, 드라마 세트장"
"","b066e847-4e51-409e-b2d2-95e4ee8ca6ed","남양 성모 성지","수원","경기도 화성시 남양리 1704","남양성모성지","9","제목=이름·종교어·같은 도","3098325","남양성모성지","https://tong.visitkorea.or.kr/cms2/website/25/3098325.jpg","경기도 화성시 남양읍","이형찬","202311","남양성모성지, 경기도 화성시, 종교, 천주교, 가톨릭, 11월 버킷, 11월 추천여행지, 사진기자단, 프레임코리아1기"
"","b066e847-4e51-409e-b2d2-95e4ee8ca6ed","남양 성모 성지","수원","경기도 화성시 남양리 1704","남양성모성지","9","제목=이름·종교어·같은 도","3098327","남양성모성지","https://tong.visitkorea.or.kr/cms2/website/27/3098327.jpg","경기도 화성시 남양읍","이형찬","202311","남양성모성지, 경기도 화성시, 종교, 천주교, 가톨릭, 11월 버킷, 11월 추천여행지, 사진기자단, 프레임코리아1기"
"y","b066e847-4e51-409e-b2d2-95e4ee8ca6ed","남양 성모 성지","수원","경기도 화성시 남양리 1704","남양성모성지","9","제목=이름·종교어·같은 도","3098324","남양성모성지","https://tong.visitkorea.or.kr/cms2/website/24/3098324.jpg","경기도 화성시 남양읍","이형찬","202311","남양성모성지, 경기도 화성시, 종교, 천주교, 가톨릭, 11월 버킷, 11월 추천여행지, 사진기자단, 프레임코리아1기"
"","b066e847-4e51-409e-b2d2-95e4ee8ca6ed","남양 성모 성지","수원","경기도 화성시 남양리 1704","남양성모성지","9","제목=이름·종교어·같은 도","3098323","남양성모성지","https://tong.visitkorea.or.kr/cms2/website/23/3098323.jpg","경기도 화성시 남양읍","이형찬","202311","남양성모성지, 경기도 화성시, 종교, 천주교, 가톨릭, 촛불, 초, 11월 버킷, 11월 추천여행지, 사진기자단, 프레임코리아1기"
"","b066e847-4e51-409e-b2d2-95e4ee8ca6ed","남양 성모 성지","수원","경기도 화성시 남양리 1704","남양성모성지","9","제목=이름·종교어·같은 도","3098326","남양성모성지","https://tong.visitkorea.or.kr/cms2/website/26/3098326.jpg","경기도 화성시 남양읍","이형찬","202311","남양성모성지, 경기도 화성시, 종교, 천주교, 가톨릭, 11월 버킷, 11월 추천여행지, 사진기자단, 프레임코리아1기"
"","e6ea8590-c9fa-4894-9a96-e9bc8718c9e7","대정성지 (정난주 마리아 묘)","제주","제주특별자치도 서귀포시 대정읍 동일리","대정성지","7","검색어=이름·종교어·같은 도","1327160","추사적거지","https://tong.visitkorea.or.kr/cms2/website/60/1327160.jpg","제주도","한국관광공사 김지호","201106","추사적거지, 대정성지"
"y","47589be3-145b-49d5-ba67-09e05beaa544","되재 성당지","전주","전라북도 완주군 화산면 승치리 729-1","되재성당지","9","제목=이름·종교어·같은 도","2699865","되재성당지","https://tong.visitkorea.or.kr/cms2/website/65/2699865.jpg","전라북도 완주군 화산면","한국관광공사 김지호","202010","되재성당지, 전라북도 완주군, 종교, 천주교, 가톨릭, 한옥성당, 드론촬영, 드론사진, 항공촬영"
"","47589be3-145b-49d5-ba67-09e05beaa544","되재 성당지","전주","전라북도 완주군 화산면 승치리 729-1","되재성당지","9","제목=이름·종교어·같은 도","2699851","되재성당지","https://tong.visitkorea.or.kr/cms2/website/51/2699851.jpg","전라북도 완주군 화산면","한국관광공사 김지호","202010","되재성당지, 전라북도 완주군, 종교, 천주교, 가톨릭, 한옥성당"
"","47589be3-145b-49d5-ba67-09e05beaa544","되재 성당지","전주","전라북도 완주군 화산면 승치리 729-1","되재성당지","9","제목=이름·종교어·같은 도","2699881","되재성당지","https://tong.visitkorea.or.kr/cms2/website/81/2699881.jpg","전라북도 완주군 화산면","한국관광공사 김지호","202010","되재성당지, 전라북도 완주군, 종교, 천주교, 가톨릭, 한옥성당, 드론촬영, 드론사진, 항공촬영"
"","47589be3-145b-49d5-ba67-09e05beaa544","되재 성당지","전주","전라북도 완주군 화산면 승치리 729-1","되재성당지","9","제목=이름·종교어·같은 도","2699877","되재성당지","https://tong.visitkorea.or.kr/cms2/website/77/2699877.jpg","전라북도 완주군 화산면","한국관광공사 김지호","202010","되재성당지, 전라북도 완주군, 종교, 천주교, 가톨릭, 한옥성당, 드론촬영, 드론사진, 항공촬영"
"","47589be3-145b-49d5-ba67-09e05beaa544","되재 성당지","전주","전라북도 완주군 화산면 승치리 729-1","되재성당지","9","제목=이름·종교어·같은 도","2699868","되재성당지","https://tong.visitkorea.or.kr/cms2/website/68/2699868.jpg","전라북도 완주군 화산면","한국관광공사 김지호","202010","되재성당지, 전라북도 완주군, 종교, 천주교, 가톨릭, 한옥성당, 드론촬영, 드론사진, 항공촬영"
"","47589be3-145b-49d5-ba67-09e05beaa544","되재 성당지","전주","전라북도 완주군 화산면 승치리 729-1","되재성당지","9","제목=이름·종교어·같은 도","2699866","되재성당지","https://tong.visitkorea.or.kr/cms2/website/66/2699866.jpg","전라북도 완주군 화산면","한국관광공사 김지호","202010","되재성당지, 전라북도 완주군, 종교, 천주교, 가톨릭, 한옥성당, 드론촬영, 드론사진, 항공촬영"
"","47589be3-145b-49d5-ba67-09e05beaa544","되재 성당지","전주","전라북도 완주군 화산면 승치리 729-1","되재성당지","9","제목=이름·종교어·같은 도","2699864","되재성당지","https://tong.visitkorea.or.kr/cms2/website/64/2699864.jpg","전라북도 완주군 화산면","한국관광공사 김지호","202010","되재성당지, 전라북도 완주군, 종교, 천주교, 가톨릭, 한옥성당, 드론촬영, 드론사진, 항공촬영"
"","47589be3-145b-49d5-ba67-09e05beaa544","되재 성당지","전주","전라북도 완주군 화산면 승치리 729-1","되재성당지","9","제목=이름·종교어·같은 도","2699861","되재성당지","https://tong.visitkorea.or.kr/cms2/website/61/2699861.jpg","전라북도 완주군 화산면","한국관광공사 김지호","202010","되재성당지, 전라북도 완주군, 종교, 천주교, 가톨릭, 한옥성당, 드론촬영, 드론사진, 항공촬영"
"","47589be3-145b-49d5-ba67-09e05beaa544","되재 성당지","전주","전라북도 완주군 화산면 승치리 729-1","되재성당지","9","제목=이름·종교어·같은 도","2699857","되재성당지","https://tong.visitkorea.or.kr/cms2/website/57/2699857.jpg","전라북도 완주군 화산면","한국관광공사 김지호","202010","되재성당지, 전라북도 완주군, 종교, 천주교, 가톨릭, 한옥성당"
"","47589be3-145b-49d5-ba67-09e05beaa544","되재 성당지","전주","전라북도 완주군 화산면 승치리 729-1","되재성당지","9","제목=이름·종교어·같은 도","2699854","되재성당지","https://tong.visitkorea.or.kr/cms2/website/54/2699854.jpg","전라북도 완주군 화산면","한국관광공사 김지호","202010","되재성당지, 전라북도 완주군, 종교, 천주교, 가톨릭, 한옥성당"
"","47589be3-145b-49d5-ba67-09e05beaa544","되재 성당지","전주","전라북도 완주군 화산면 승치리 729-1","되재성당지","9","제목=이름·종교어·같은 도","2699853","되재성당지","https://tong.visitkorea.or.kr/cms2/website/53/2699853.jpg","전라북도 완주군 화산면","한국관광공사 김지호","202010","되재성당지, 전라북도 완주군, 종교, 천주교, 가톨릭, 한옥성당"
"","47589be3-145b-49d5-ba67-09e05beaa544","되재 성당지","전주","전라북도 완주군 화산면 승치리 729-1","되재성당지","9","제목=이름·종교어·같은 도","2699849","되재성당지","https://tong.visitkorea.or.kr/cms2/website/49/2699849.jpg","전라북도 완주군 화산면","한국관광공사 김지호","202010","되재성당지, 전라북도 완주군, 종교, 천주교, 가톨릭, 한옥성당"
"","031a928d-7313-4460-a340-0dd276ea02db","배티 순교성지","청주","충북 진천군 백곡면 양백리","배티순교성지","7","검색어=이름·종교어·같은 도","1363807","배티성지","https://tong.visitkorea.or.kr/cms2/website/07/1363807.jpg","충청북도 진천","한국관광공사 박성근","201106","배티성지, 배티순교성지, 천주교"
"","031a928d-7313-4460-a340-0dd276ea02db","배티 순교성지","청주","충북 진천군 백곡면 양백리","배티순교성지","7","검색어=이름·종교어·같은 도","1363814","배티성지","https://tong.visitkorea.or.kr/cms2/website/14/1363814.jpg","충청북도 진천","한국관광공사 박성근","201106","배티성지, 배티순교성지, 천주교"
"y","031a928d-7313-4460-a340-0dd276ea02db","배티 순교성지","청주","충북 진천군 백곡면 양백리","배티순교성지","7","검색어=이름·종교어·같은 도","1363821","배티성지","https://tong.visitkorea.or.kr/cms2/website/21/1363821.jpg","충청북도 진천","한국관광공사 박성근","201106","배티성지, 배티순교성지, 천주교, 성모마리아상"
"","031a928d-7313-4460-a340-0dd276ea02db","배티 순교성지","청주","충북 진천군 백곡면 양백리","배티순교성지","7","검색어=이름·종교어·같은 도","1363825","배티성지","https://tong.visitkorea.or.kr/cms2/website/25/1363825.jpg","충청북도 진천","한국관광공사 박성근","201106","배티성지, 배티순교성지, 천주교, 성모마리아상"
"","031a928d-7313-4460-a340-0dd276ea02db","배티 순교성지","청주","충북 진천군 백곡면 양백리","배티순교성지","7","검색어=이름·종교어·같은 도","1363829","배티성지","https://tong.visitkorea.or.kr/cms2/website/29/1363829.jpg","충청북도 진천","한국관광공사 박성근","201106","배티성지, 배티순교성지, 천주교, 성모마리아상"
"","031a928d-7313-4460-a340-0dd276ea02db","배티 순교성지","청주","충북 진천군 백곡면 양백리","배티순교성지","7","검색어=이름·종교어·같은 도","1363833","배티성지","https://tong.visitkorea.or.kr/cms2/website/33/1363833.jpg","충청북도 진천","한국관광공사 박성근","201106","배티성지, 배티순교성지, 천주교, 최양업토마스신부"
"","031a928d-7313-4460-a340-0dd276ea02db","배티 순교성지","청주","충북 진천군 백곡면 양백리","배티순교성지","7","검색어=이름·종교어·같은 도","1363842","배티성지","https://tong.visitkorea.or.kr/cms2/website/42/1363842.jpg","충청북도 진천","한국관광공사 박성근","201106","배티성지, 배티순교성지, 천주교, 최양업토마스신부 동상"
"","031a928d-7313-4460-a340-0dd276ea02db","배티 순교성지","청주","충북 진천군 백곡면 양백리","배티순교성지","7","검색어=이름·종교어·같은 도","1363851","배티성지","https://tong.visitkorea.or.kr/cms2/website/51/1363851.jpg","충청북도 진천","한국관광공사 박성근","201106","배티성지, 배티순교성지, 천주교, 십자가의 길"
"","031a928d-7313-4460-a340-0dd276ea02db","배티 순교성지","청주","충북 진천군 백곡면 양백리","배티순교성지","7","검색어=이름·종교어·같은 도","1363859","배티성지","https://tong.visitkorea.or.kr/cms2/website/59/1363859.jpg","충청북도 진천","한국관광공사 박성근","201106","배티성지, 배티순교성지, 천주교, 십자가의 길"
"","031a928d-7313-4460-a340-0dd276ea02db","배티 순교성지","청주","충북 진천군 백곡면 양백리","배티순교성지","7","검색어=이름·종교어·같은 도","1363860","배티성지","https://tong.visitkorea.or.kr/cms2/website/60/1363860.jpg","충청북도 진천","한국관광공사 박성근","201106","배티성지, 배티순교성지, 천주교, 양업영성관"
"","031a928d-7313-4460-a340-0dd276ea02db","배티 순교성지","청주","충북 진천군 백곡면 양백리","배티순교성지","7","검색어=이름·종교어·같은 도","1363861","배티성지","https://tong.visitkorea.or.kr/cms2/website/61/1363861.jpg","충청북도 진천","한국관광공사 박성근","201106","배티성지, 배티순교성지, 천주교, 양업영성관"
"","031a928d-7313-4460-a340-0dd276ea02db","배티 순교성지","청주","충북 진천군 백곡면 양백리","배티순교성지","7","검색어=이름·종교어·같은 도","1363864","배티성지","https://tong.visitkorea.or.kr/cms2/website/64/1363864.jpg","충청북도 진천","한국관광공사 박성근","201106","배티성지, 배티순교성지, 천주교, 성당, 스테인드글라스"
"","9321e8ce-5d68-46e5-bd9f-e8fbde9ca2e4","새미 은총의 동산","제주","제주도 제주시 한림읍 금악리 365-1","새미은총의동산","7","검색어=이름·종교어·같은 도","3545522","세미소오름","https://tong.visitkorea.or.kr/cms2/website/22/3545522.jpg","제주특별자치도 제주시 한림읍","천건엽","202506","세미소오름, 제주특별자치도 제주시, 제주도, 새미은총의동산, 천주교, 종교, 성이시돌, 성지순례"
"","9321e8ce-5d68-46e5-bd9f-e8fbde9ca2e4","새미 은총의 동산","제주","제주도 제주시 한림읍 금악리 365-1","새미은총의동산","7","검색어=이름·종교어·같은 도","3545524","세미소오름","https://tong.visitkorea.or.kr/cms2/website/24/3545524.jpg","제주특별자치도 제주시 한림읍","천건엽","202506","세미소오름, 제주특별자치도 제주시, 제주도, 새미은총의동산, 천주교, 종교, 성이시돌, 성지순례"
"","50cb1cfe-814a-42fd-a2ca-8ab6c57ba8bd","성모 순례지","인천","인천시 동구 박문로 1 (인천교구청)","성모순례지","4","제목=이름·종교어·다른 도(충북)","2007183","감곡매괴성모순례지성당","https://tong.visitkorea.or.kr/cms2/website/83/2007183.jpg","충청북도 음성","한국관광공사 이범수","201504","감곡매괴성모순례지성당, 음성 감곡매괴성모순례지성당, 감곡성당, 매괴성당, 성당, 음성"
"","50cb1cfe-814a-42fd-a2ca-8ab6c57ba8bd","성모 순례지","인천","인천시 동구 박문로 1 (인천교구청)","성모순례지","4","제목=이름·종교어·다른 도(충북)","2007179","감곡매괴성모순례지성당","https://tong.visitkorea.or.kr/cms2/website/79/2007179.jpg","충청북도 음성","한국관광공사 이범수","201504","감곡매괴성모순례지성당, 음성 감곡매괴성모순례지성당, 감곡성당, 매괴성당, 성당, 음성, 가밀로 영성의 집, 예수동상"
"","50cb1cfe-814a-42fd-a2ca-8ab6c57ba8bd","성모 순례지","인천","인천시 동구 박문로 1 (인천교구청)","성모순례지","4","제목=이름·종교어·다른 도(충북)","2007181","감곡매괴성모순례지성당","https://tong.visitkorea.or.kr/cms2/website/81/2007181.jpg","충청북도 음성","한국관광공사 이범수","201504","감곡매괴성모순례지성당, 음성 감곡매괴성모순례지성당, 감곡성당, 매괴성당, 성당, 음성, 가밀로 영성의 집, 예수동상"
"","50cb1cfe-814a-42fd-a2ca-8ab6c57ba8bd","성모 순례지","인천","인천시 동구 박문로 1 (인천교구청)","성모순례지","4","제목=이름·종교어·다른 도(충북)","2007165","감곡매괴성모순례지성당","https://tong.visitkorea.or.kr/cms2/website/65/2007165.jpg","충청북도 음성","한국관광공사 이범수","201504","감곡매괴성모순례지성당, 음성 감곡매괴성모순례지성당, 감곡성당, 매괴성당, 성당, 음성, 가밀로 영성의 집, 예수동상"
"","50cb1cfe-814a-42fd-a2ca-8ab6c57ba8bd","성모 순례지","인천","인천시 동구 박문로 1 (인천교구청)","성모순례지","4","제목=이름·종교어·다른 도(충북)","2007164","감곡매괴성모순례지성당","https://tong.visitkorea.or.kr/cms2/website/64/2007164.jpg","충청북도 음성","한국관광공사 이범수","201504","감곡매괴성모순례지성당, 음성 감곡매괴성모순례지성당, 감곡성당, 매괴성당, 성당, 음성, 가밀로 영성의 집, 예수동상"
"","50cb1cfe-814a-42fd-a2ca-8ab6c57ba8bd","성모 순례지","인천","인천시 동구 박문로 1 (인천교구청)","성모순례지","4","제목=이름·종교어·다른 도(충북)","2007158","감곡매괴성모순례지성당","https://tong.visitkorea.or.kr/cms2/website/58/2007158.jpg","충청북도 음성","한국관광공사 이범수","201504","감곡매괴성모순례지성당, 음성 감곡매괴성모순례지성당, 감곡성당, 매괴성당, 성당, 음성, 가밀로 영성의 집"
"","50cb1cfe-814a-42fd-a2ca-8ab6c57ba8bd","성모 순례지","인천","인천시 동구 박문로 1 (인천교구청)","성모순례지","4","제목=이름·종교어·다른 도(충북)","2007159","감곡매괴성모순례지성당","https://tong.visitkorea.or.kr/cms2/website/59/2007159.jpg","충청북도 음성","한국관광공사 이범수","201504","감곡매괴성모순례지성당, 음성 감곡매괴성모순례지성당, 감곡성당, 매괴성당, 성당, 음성, 가밀로 영성의 집, 예수동상"
"","50cb1cfe-814a-42fd-a2ca-8ab6c57ba8bd","성모 순례지","인천","인천시 동구 박문로 1 (인천교구청)","성모순례지","4","제목=이름·종교어·다른 도(충북)","2007160","감곡매괴성모순례지성당","https://tong.visitkorea.or.kr/cms2/website/60/2007160.jpg","충청북도 음성","한국관광공사 이범수","201504","감곡매괴성모순례지성당, 음성 감곡매괴성모순례지성당, 감곡성당, 매괴성당, 성당, 음성, 가밀로 영성의 집"
"","50cb1cfe-814a-42fd-a2ca-8ab6c57ba8bd","성모 순례지","인천","인천시 동구 박문로 1 (인천교구청)","성모순례지","4","제목=이름·종교어·다른 도(충북)","2007161","감곡매괴성모순례지성당","https://tong.visitkorea.or.kr/cms2/website/61/2007161.jpg","충청북도 음성","한국관광공사 이범수","201504","감곡매괴성모순례지성당, 음성 감곡매괴성모순례지성당, 감곡성당, 매괴성당, 성당, 음성, 가밀로 영성의 집"
"","50cb1cfe-814a-42fd-a2ca-8ab6c57ba8bd","성모 순례지","인천","인천시 동구 박문로 1 (인천교구청)","성모순례지","4","제목=이름·종교어·다른 도(충북)","2007162","감곡매괴성모순례지성당","https://tong.visitkorea.or.kr/cms2/website/62/2007162.jpg","충청북도 음성","한국관광공사 이범수","201504","감곡매괴성모순례지성당, 음성 감곡매괴성모순례지성당, 감곡성당, 매괴성당, 성당, 음성, 가밀로 영성의 집, 예수동상"
"","50cb1cfe-814a-42fd-a2ca-8ab6c57ba8bd","성모 순례지","인천","인천시 동구 박문로 1 (인천교구청)","성모순례지","4","제목=이름·종교어·다른 도(충북)","2007163","감곡매괴성모순례지성당","https://tong.visitkorea.or.kr/cms2/website/63/2007163.jpg","충청북도 음성","한국관광공사 이범수","201504","감곡매괴성모순례지성당, 음성 감곡매괴성모순례지성당, 감곡성당, 매괴성당, 성당, 음성, 가밀로 영성의 집"
"","50cb1cfe-814a-42fd-a2ca-8ab6c57ba8bd","성모 순례지","인천","인천시 동구 박문로 1 (인천교구청)","성모순례지","4","제목=이름·종교어·다른 도(충북)","2007156","감곡매괴성모순례지성당","https://tong.visitkorea.or.kr/cms2/website/56/2007156.jpg","충청북도 음성","한국관광공사 이범수","201504","감곡매괴성모순례지성당, 음성 감곡매괴성모순례지성당, 감곡성당, 매괴성당, 성당, 음성, 가밀로 영성의 집"
"y","7e1d46c2-486b-4b56-8f02-cb0f7703edcd","왜고개 성지","군종","서울시 용산구 용산동 5가 2-65","왜고개성지","9","제목=이름·종교어·같은 도","1939240","왜고개성지","https://tong.visitkorea.or.kr/cms2/website/40/1939240.jpg","서울시","한국관광공사 김지호","201407","왜고개성지, 왜고개, 성지, 교황, 교황방문, 서울시, 서울특별시, 서울시, 서울특별시"
"","7e1d46c2-486b-4b56-8f02-cb0f7703edcd","왜고개 성지","군종","서울시 용산구 용산동 5가 2-65","왜고개성지","9","제목=이름·종교어·같은 도","1939237","왜고개성지","https://tong.visitkorea.or.kr/cms2/website/37/1939237.jpg","서울시","한국관광공사 김지호","201407","왜고개성지, 왜고개, 성지, 교황, 교황방문, 서울시, 서울특별시, 서울시, 서울특별시"
"","7e1d46c2-486b-4b56-8f02-cb0f7703edcd","왜고개 성지","군종","서울시 용산구 용산동 5가 2-65","왜고개성지","9","제목=이름·종교어·같은 도","1939234","왜고개성지","https://tong.visitkorea.or.kr/cms2/website/34/1939234.jpg","서울시","한국관광공사 김지호","201407","왜고개성지, 왜고개, 성지, 교황, 교황방문, 서울시, 서울특별시, 서울시, 서울특별시"
"","7e1d46c2-486b-4b56-8f02-cb0f7703edcd","왜고개 성지","군종","서울시 용산구 용산동 5가 2-65","왜고개성지","9","제목=이름·종교어·같은 도","1939231","왜고개성지","https://tong.visitkorea.or.kr/cms2/website/31/1939231.jpg","서울시","한국관광공사 김지호","201407","왜고개성지, 왜고개, 성지, 교황, 교황방문, 서울시, 서울특별시, 서울시, 서울특별시"
"","7e1d46c2-486b-4b56-8f02-cb0f7703edcd","왜고개 성지","군종","서울시 용산구 용산동 5가 2-65","왜고개성지","9","제목=이름·종교어·같은 도","1939195","왜고개성지","https://tong.visitkorea.or.kr/cms2/website/95/1939195.jpg","서울시","한국관광공사 김지호","201407","왜고개성지, 왜고개, 성지, 교황, 교황방문, 서울시, 서울특별시, 서울시, 서울특별시"
"","7e1d46c2-486b-4b56-8f02-cb0f7703edcd","왜고개 성지","군종","서울시 용산구 용산동 5가 2-65","왜고개성지","9","제목=이름·종교어·같은 도","1939193","왜고개성지","https://tong.visitkorea.or.kr/cms2/website/93/1939193.jpg","서울시","한국관광공사 김지호","201407","왜고개성지, 왜고개, 성지, 교황, 교황방문, 서울시, 서울특별시, 서울시, 서울특별시"
"","7e1d46c2-486b-4b56-8f02-cb0f7703edcd","왜고개 성지","군종","서울시 용산구 용산동 5가 2-65","왜고개성지","9","제목=이름·종교어·같은 도","1939192","왜고개성지","https://tong.visitkorea.or.kr/cms2/website/92/1939192.jpg","서울시","한국관광공사 김지호","201407","왜고개성지, 왜고개, 성지, 교황, 교황방문, 서울시, 서울특별시, 서울시, 서울특별시"
"","7e1d46c2-486b-4b56-8f02-cb0f7703edcd","왜고개 성지","군종","서울시 용산구 용산동 5가 2-65","왜고개성지","9","제목=이름·종교어·같은 도","1939191","왜고개성지","https://tong.visitkorea.or.kr/cms2/website/91/1939191.jpg","서울시","한국관광공사 김지호","201407","왜고개성지, 왜고개, 성지, 교황, 교황방문, 서울시, 서울특별시, 서울시, 서울특별시"
"","7e1d46c2-486b-4b56-8f02-cb0f7703edcd","왜고개 성지","군종","서울시 용산구 용산동 5가 2-65","왜고개성지","9","제목=이름·종교어·같은 도","1939190","왜고개성지","https://tong.visitkorea.or.kr/cms2/website/90/1939190.jpg","서울시","한국관광공사 김지호","201407","왜고개성지, 왜고개, 성지, 교황, 교황방문, 서울시, 서울특별시, 서울시, 서울특별시"
"","7e1d46c2-486b-4b56-8f02-cb0f7703edcd","왜고개 성지","군종","서울시 용산구 용산동 5가 2-65","왜고개성지","9","제목=이름·종교어·같은 도","1939189","왜고개성지","https://tong.visitkorea.or.kr/cms2/website/89/1939189.jpg","서울시","한국관광공사 김지호","201407","왜고개성지, 왜고개, 성지, 교황, 교황방문, 서울시, 서울특별시, 서울시, 서울특별시"
"","7e1d46c2-486b-4b56-8f02-cb0f7703edcd","왜고개 성지","군종","서울시 용산구 용산동 5가 2-65","왜고개성지","9","제목=이름·종교어·같은 도","1939188","왜고개성지","https://tong.visitkorea.or.kr/cms2/website/88/1939188.jpg","서울시","한국관광공사 김지호","201407","왜고개성지, 왜고개, 성지, 교황, 교황방문, 서울시, 서울특별시, 서울시, 서울특별시"
"","7e1d46c2-486b-4b56-8f02-cb0f7703edcd","왜고개 성지","군종","서울시 용산구 용산동 5가 2-65","왜고개성지","9","제목=이름·종교어·같은 도","1939187","왜고개성지","https://tong.visitkorea.or.kr/cms2/website/87/1939187.jpg","서울시","한국관광공사 김지호","201407","왜고개성지, 왜고개, 성지, 교황, 교황방문, 서울시, 서울특별시, 서울시, 서울특별시"
"","db51e1aa-4101-48a8-94db-bc10f3723464","은이 성지","수원","경기도 용인시 처인구","은이성지","9","제목=이름·종교어·같은 도","1647048","은이성지","https://tong.visitkorea.or.kr/cms2/website/48/1647048.jpg","경기도 용인","한국관광공사 김지호","201201","은이성지, 천주교"
"","db51e1aa-4101-48a8-94db-bc10f3723464","은이 성지","수원","경기도 용인시 처인구","은이성지","9","제목=이름·종교어·같은 도","1647127","은이성지","https://tong.visitkorea.or.kr/cms2/website/27/1647127.jpg","경기도 용인","한국관광공사 김지호","201201","은이성지, 안내문, 천주교"
"y","db51e1aa-4101-48a8-94db-bc10f3723464","은이 성지","수원","경기도 용인시 처인구","은이성지","9","제목=이름·종교어·같은 도","1647124","은이성지","https://tong.visitkorea.or.kr/cms2/website/24/1647124.jpg","경기도 용인","한국관광공사 김지호","201201","은이성지, 천주교"
"","db51e1aa-4101-48a8-94db-bc10f3723464","은이 성지","수원","경기도 용인시 처인구","은이성지","9","제목=이름·종교어·같은 도","1647073","은이성지","https://tong.visitkorea.or.kr/cms2/website/73/1647073.jpg","경기도 용인","한국관광공사 김지호","201201","은이성지, 천주교"
"","db51e1aa-4101-48a8-94db-bc10f3723464","은이 성지","수원","경기도 용인시 처인구","은이성지","9","제목=이름·종교어·같은 도","1647063","은이성지","https://tong.visitkorea.or.kr/cms2/website/63/1647063.jpg","경기도 용인","한국관광공사 김지호","201201","은이성지, 천주교"
"","db51e1aa-4101-48a8-94db-bc10f3723464","은이 성지","수원","경기도 용인시 처인구","은이성지","9","제목=이름·종교어·같은 도","1647052","은이성지","https://tong.visitkorea.or.kr/cms2/website/52/1647052.jpg","경기도 용인","한국관광공사 김지호","201201","은이성지, 천주교"
"","db51e1aa-4101-48a8-94db-bc10f3723464","은이 성지","수원","경기도 용인시 처인구","은이성지","9","제목=이름·종교어·같은 도","1647039","은이성지","https://tong.visitkorea.or.kr/cms2/website/39/1647039.jpg","경기도 용인","한국관광공사 김지호","201201","은이성지, 천주교"
"","db51e1aa-4101-48a8-94db-bc10f3723464","은이 성지","수원","경기도 용인시 처인구","은이성지","9","제목=이름·종교어·같은 도","1647100","은이성지","https://tong.visitkorea.or.kr/cms2/website/00/1647100.jpg","경기도 용인","한국관광공사 김지호","201201","은이성지, 천주교"
"","db51e1aa-4101-48a8-94db-bc10f3723464","은이 성지","수원","경기도 용인시 처인구","은이성지","9","제목=이름·종교어·같은 도","1647106","은이성지","https://tong.visitkorea.or.kr/cms2/website/06/1647106.jpg","경기도 용인","한국관광공사 김지호","201201","은이성지, 천주교"
"","db51e1aa-4101-48a8-94db-bc10f3723464","은이 성지","수원","경기도 용인시 처인구","은이성지","9","제목=이름·종교어·같은 도","1647108","은이성지","https://tong.visitkorea.or.kr/cms2/website/08/1647108.jpg","경기도 용인","한국관광공사 김지호","201201","은이성지, 천주교"
"","db51e1aa-4101-48a8-94db-bc10f3723464","은이 성지","수원","경기도 용인시 처인구","은이성지","9","제목=이름·종교어·같은 도","1647118","은이성지","https://tong.visitkorea.or.kr/cms2/website/18/1647118.jpg","경기도 용인","한국관광공사 김지호","201201","은이성지, 천주교"
"","db51e1aa-4101-48a8-94db-bc10f3723464","은이 성지","수원","경기도 용인시 처인구","은이성지","9","제목=이름·종교어·같은 도","1646917","은이성지","https://tong.visitkorea.or.kr/cms2/website/17/1646917.jpg","경기도 용인","한국관광공사 김지호","201201","은이성지, 천주교"
"","5e4d123d-49ce-4900-a78e-af010cfef31b","음성 감곡면 매괴성당","청주","충북 음성군 감곡면","매괴","6","제목⊃검색어·종교어·같은 도","2007183","감곡매괴성모순례지성당","https://tong.visitkorea.or.kr/cms2/website/83/2007183.jpg","충청북도 음성","한국관광공사 이범수","201504","감곡매괴성모순례지성당, 음성 감곡매괴성모순례지성당, 감곡성당, 매괴성당, 성당, 음성"
"","5e4d123d-49ce-4900-a78e-af010cfef31b","음성 감곡면 매괴성당","청주","충북 음성군 감곡면","매괴","6","제목⊃검색어·종교어·같은 도","2007179","감곡매괴성모순례지성당","https://tong.visitkorea.or.kr/cms2/website/79/2007179.jpg","충청북도 음성","한국관광공사 이범수","201504","감곡매괴성모순례지성당, 음성 감곡매괴성모순례지성당, 감곡성당, 매괴성당, 성당, 음성, 가밀로 영성의 집, 예수동상"
"y","5e4d123d-49ce-4900-a78e-af010cfef31b","음성 감곡면 매괴성당","청주","충북 음성군 감곡면","매괴","6","제목⊃검색어·종교어·같은 도","2007181","감곡매괴성모순례지성당","https://tong.visitkorea.or.kr/cms2/website/81/2007181.jpg","충청북도 음성","한국관광공사 이범수","201504","감곡매괴성모순례지성당, 음성 감곡매괴성모순례지성당, 감곡성당, 매괴성당, 성당, 음성, 가밀로 영성의 집, 예수동상"
"","5e4d123d-49ce-4900-a78e-af010cfef31b","음성 감곡면 매괴성당","청주","충북 음성군 감곡면","매괴","6","제목⊃검색어·종교어·같은 도","2007165","감곡매괴성모순례지성당","https://tong.visitkorea.or.kr/cms2/website/65/2007165.jpg","충청북도 음성","한국관광공사 이범수","201504","감곡매괴성모순례지성당, 음성 감곡매괴성모순례지성당, 감곡성당, 매괴성당, 성당, 음성, 가밀로 영성의 집, 예수동상"
"","5e4d123d-49ce-4900-a78e-af010cfef31b","음성 감곡면 매괴성당","청주","충북 음성군 감곡면","매괴","6","제목⊃검색어·종교어·같은 도","2007164","감곡매괴성모순례지성당","https://tong.visitkorea.or.kr/cms2/website/64/2007164.jpg","충청북도 음성","한국관광공사 이범수","201504","감곡매괴성모순례지성당, 음성 감곡매괴성모순례지성당, 감곡성당, 매괴성당, 성당, 음성, 가밀로 영성의 집, 예수동상"
"","5e4d123d-49ce-4900-a78e-af010cfef31b","음성 감곡면 매괴성당","청주","충북 음성군 감곡면","매괴","6","제목⊃검색어·종교어·같은 도","2007158","감곡매괴성모순례지성당","https://tong.visitkorea.or.kr/cms2/website/58/2007158.jpg","충청북도 음성","한국관광공사 이범수","201504","감곡매괴성모순례지성당, 음성 감곡매괴성모순례지성당, 감곡성당, 매괴성당, 성당, 음성, 가밀로 영성의 집"
"","5e4d123d-49ce-4900-a78e-af010cfef31b","음성 감곡면 매괴성당","청주","충북 음성군 감곡면","매괴","6","제목⊃검색어·종교어·같은 도","2007159","감곡매괴성모순례지성당","https://tong.visitkorea.or.kr/cms2/website/59/2007159.jpg","충청북도 음성","한국관광공사 이범수","201504","감곡매괴성모순례지성당, 음성 감곡매괴성모순례지성당, 감곡성당, 매괴성당, 성당, 음성, 가밀로 영성의 집, 예수동상"
"","5e4d123d-49ce-4900-a78e-af010cfef31b","음성 감곡면 매괴성당","청주","충북 음성군 감곡면","매괴","6","제목⊃검색어·종교어·같은 도","2007160","감곡매괴성모순례지성당","https://tong.visitkorea.or.kr/cms2/website/60/2007160.jpg","충청북도 음성","한국관광공사 이범수","201504","감곡매괴성모순례지성당, 음성 감곡매괴성모순례지성당, 감곡성당, 매괴성당, 성당, 음성, 가밀로 영성의 집"
"","5e4d123d-49ce-4900-a78e-af010cfef31b","음성 감곡면 매괴성당","청주","충북 음성군 감곡면","매괴","6","제목⊃검색어·종교어·같은 도","2007161","감곡매괴성모순례지성당","https://tong.visitkorea.or.kr/cms2/website/61/2007161.jpg","충청북도 음성","한국관광공사 이범수","201504","감곡매괴성모순례지성당, 음성 감곡매괴성모순례지성당, 감곡성당, 매괴성당, 성당, 음성, 가밀로 영성의 집"
"","5e4d123d-49ce-4900-a78e-af010cfef31b","음성 감곡면 매괴성당","청주","충북 음성군 감곡면","매괴","6","제목⊃검색어·종교어·같은 도","2007162","감곡매괴성모순례지성당","https://tong.visitkorea.or.kr/cms2/website/62/2007162.jpg","충청북도 음성","한국관광공사 이범수","201504","감곡매괴성모순례지성당, 음성 감곡매괴성모순례지성당, 감곡성당, 매괴성당, 성당, 음성, 가밀로 영성의 집, 예수동상"
"","5e4d123d-49ce-4900-a78e-af010cfef31b","음성 감곡면 매괴성당","청주","충북 음성군 감곡면","매괴","6","제목⊃검색어·종교어·같은 도","2007163","감곡매괴성모순례지성당","https://tong.visitkorea.or.kr/cms2/website/63/2007163.jpg","충청북도 음성","한국관광공사 이범수","201504","감곡매괴성모순례지성당, 음성 감곡매괴성모순례지성당, 감곡성당, 매괴성당, 성당, 음성, 가밀로 영성의 집"
"","5e4d123d-49ce-4900-a78e-af010cfef31b","음성 감곡면 매괴성당","청주","충북 음성군 감곡면","매괴","6","제목⊃검색어·종교어·같은 도","2007156","감곡매괴성모순례지성당","https://tong.visitkorea.or.kr/cms2/website/56/2007156.jpg","충청북도 음성","한국관광공사 이범수","201504","감곡매괴성모순례지성당, 음성 감곡매괴성모순례지성당, 감곡성당, 매괴성당, 성당, 음성, 가밀로 영성의 집"
"y","d55432d2-ae7b-4416-9f8d-9f14815e7328","천호성지","전주","전북 완주군 비봉면 천호성지길","천호성지","9","제목=이름·종교어·같은 도","2702521","천호성지","https://tong.visitkorea.or.kr/cms2/website/21/2702521.jpg","전라북도 완주군 비봉면","한국관광공사 김지호","202010","천호성지, 전라북도 완주군, 종교, 천주교, 가톨릭, 드론촬영, 드론사진, 항공촬영"
"","d55432d2-ae7b-4416-9f8d-9f14815e7328","천호성지","전주","전북 완주군 비봉면 천호성지길","천호성지","9","제목=이름·종교어·같은 도","2702520","천호성지","https://tong.visitkorea.or.kr/cms2/website/20/2702520.jpg","전라북도 완주군 비봉면","한국관광공사 김지호","202010","천호성지, 전라북도 완주군, 종교, 천주교, 가톨릭, 드론촬영, 드론사진, 항공촬영"
"","d55432d2-ae7b-4416-9f8d-9f14815e7328","천호성지","전주","전북 완주군 비봉면 천호성지길","천호성지","9","제목=이름·종교어·같은 도","2702519","천호성지","https://tong.visitkorea.or.kr/cms2/website/19/2702519.jpg","전라북도 완주군 비봉면","한국관광공사 김지호","202010","천호성지, 전라북도 완주군, 종교, 천주교, 가톨릭, 드론촬영, 드론사진, 항공촬영"
"","d55432d2-ae7b-4416-9f8d-9f14815e7328","천호성지","전주","전북 완주군 비봉면 천호성지길","천호성지","9","제목=이름·종교어·같은 도","2702518","천호성지","https://tong.visitkorea.or.kr/cms2/website/18/2702518.jpg","전라북도 완주군 비봉면","한국관광공사 김지호","202010","천호성지, 전라북도 완주군, 종교, 천주교, 가톨릭, 드론촬영, 드론사진, 항공촬영"
"","d55432d2-ae7b-4416-9f8d-9f14815e7328","천호성지","전주","전북 완주군 비봉면 천호성지길","천호성지","9","제목=이름·종교어·같은 도","2702517","천호성지","https://tong.visitkorea.or.kr/cms2/website/17/2702517.jpg","전라북도 완주군 비봉면","한국관광공사 김지호","202010","천호성지, 전라북도 완주군, 종교, 천주교, 가톨릭, 드론촬영, 드론사진, 항공촬영"
"","d55432d2-ae7b-4416-9f8d-9f14815e7328","천호성지","전주","전북 완주군 비봉면 천호성지길","천호성지","9","제목=이름·종교어·같은 도","2702516","천호성지","https://tong.visitkorea.or.kr/cms2/website/16/2702516.jpg","전라북도 완주군 비봉면","한국관광공사 김지호","202010","천호성지, 전라북도 완주군, 종교, 천주교, 가톨릭, 드론촬영, 드론사진, 항공촬영"
"","d55432d2-ae7b-4416-9f8d-9f14815e7328","천호성지","전주","전북 완주군 비봉면 천호성지길","천호성지","9","제목=이름·종교어·같은 도","2702515","천호성지","https://tong.visitkorea.or.kr/cms2/website/15/2702515.jpg","전라북도 완주군 비봉면","한국관광공사 김지호","202010","천호성지, 전라북도 완주군, 종교, 천주교, 가톨릭, 드론촬영, 드론사진, 항공촬영"
"","d55432d2-ae7b-4416-9f8d-9f14815e7328","천호성지","전주","전북 완주군 비봉면 천호성지길","천호성지","9","제목=이름·종교어·같은 도","2702514","천호성지","https://tong.visitkorea.or.kr/cms2/website/14/2702514.jpg","전라북도 완주군 비봉면","한국관광공사 김지호","202010","천호성지, 전라북도 완주군, 종교, 천주교, 가톨릭, 드론촬영, 드론사진, 항공촬영"
"","d55432d2-ae7b-4416-9f8d-9f14815e7328","천호성지","전주","전북 완주군 비봉면 천호성지길","천호성지","9","제목=이름·종교어·같은 도","2702513","천호성지","https://tong.visitkorea.or.kr/cms2/website/13/2702513.jpg","전라북도 완주군 비봉면","한국관광공사 김지호","202010","천호성지, 전라북도 완주군, 종교, 천주교, 가톨릭, 드론촬영, 드론사진, 항공촬영"
"","d55432d2-ae7b-4416-9f8d-9f14815e7328","천호성지","전주","전북 완주군 비봉면 천호성지길","천호성지","9","제목=이름·종교어·같은 도","2702512","천호성지","https://tong.visitkorea.or.kr/cms2/website/12/2702512.jpg","전라북도 완주군 비봉면","한국관광공사 김지호","202010","천호성지, 전라북도 완주군, 종교, 천주교, 가톨릭, 드론촬영, 드론사진, 항공촬영"
"","d55432d2-ae7b-4416-9f8d-9f14815e7328","천호성지","전주","전북 완주군 비봉면 천호성지길","천호성지","9","제목=이름·종교어·같은 도","2702511","천호성지","https://tong.visitkorea.or.kr/cms2/website/11/2702511.jpg","전라북도 완주군 비봉면","한국관광공사 김지호","202010","천호성지, 전라북도 완주군, 종교, 천주교, 가톨릭, 드론촬영, 드론사진, 항공촬영"
"","d55432d2-ae7b-4416-9f8d-9f14815e7328","천호성지","전주","전북 완주군 비봉면 천호성지길","천호성지","9","제목=이름·종교어·같은 도","2702510","천호성지","https://tong.visitkorea.or.kr/cms2/website/10/2702510.jpg","전라북도 완주군 비봉면","한국관광공사 김지호","202010","천호성지, 전라북도 완주군, 종교, 천주교, 가톨릭, 드론촬영, 드론사진, 항공촬영"
"","4b4813bf-9094-4ff2-becf-ba265c50642c","천호성지","수원","경기도 광주시 퇴촌면","천호성지","4","제목=이름·종교어·다른 도(전북)","2702521","천호성지","https://tong.visitkorea.or.kr/cms2/website/21/2702521.jpg","전라북도 완주군 비봉면","한국관광공사 김지호","202010","천호성지, 전라북도 완주군, 종교, 천주교, 가톨릭, 드론촬영, 드론사진, 항공촬영"
"","4b4813bf-9094-4ff2-becf-ba265c50642c","천호성지","수원","경기도 광주시 퇴촌면","천호성지","4","제목=이름·종교어·다른 도(전북)","2702520","천호성지","https://tong.visitkorea.or.kr/cms2/website/20/2702520.jpg","전라북도 완주군 비봉면","한국관광공사 김지호","202010","천호성지, 전라북도 완주군, 종교, 천주교, 가톨릭, 드론촬영, 드론사진, 항공촬영"
"","4b4813bf-9094-4ff2-becf-ba265c50642c","천호성지","수원","경기도 광주시 퇴촌면","천호성지","4","제목=이름·종교어·다른 도(전북)","2702519","천호성지","https://tong.visitkorea.or.kr/cms2/website/19/2702519.jpg","전라북도 완주군 비봉면","한국관광공사 김지호","202010","천호성지, 전라북도 완주군, 종교, 천주교, 가톨릭, 드론촬영, 드론사진, 항공촬영"
"","4b4813bf-9094-4ff2-becf-ba265c50642c","천호성지","수원","경기도 광주시 퇴촌면","천호성지","4","제목=이름·종교어·다른 도(전북)","2702518","천호성지","https://tong.visitkorea.or.kr/cms2/website/18/2702518.jpg","전라북도 완주군 비봉면","한국관광공사 김지호","202010","천호성지, 전라북도 완주군, 종교, 천주교, 가톨릭, 드론촬영, 드론사진, 항공촬영"
"","4b4813bf-9094-4ff2-becf-ba265c50642c","천호성지","수원","경기도 광주시 퇴촌면","천호성지","4","제목=이름·종교어·다른 도(전북)","2702517","천호성지","https://tong.visitkorea.or.kr/cms2/website/17/2702517.jpg","전라북도 완주군 비봉면","한국관광공사 김지호","202010","천호성지, 전라북도 완주군, 종교, 천주교, 가톨릭, 드론촬영, 드론사진, 항공촬영"
"","4b4813bf-9094-4ff2-becf-ba265c50642c","천호성지","수원","경기도 광주시 퇴촌면","천호성지","4","제목=이름·종교어·다른 도(전북)","2702516","천호성지","https://tong.visitkorea.or.kr/cms2/website/16/2702516.jpg","전라북도 완주군 비봉면","한국관광공사 김지호","202010","천호성지, 전라북도 완주군, 종교, 천주교, 가톨릭, 드론촬영, 드론사진, 항공촬영"
"","4b4813bf-9094-4ff2-becf-ba265c50642c","천호성지","수원","경기도 광주시 퇴촌면","천호성지","4","제목=이름·종교어·다른 도(전북)","2702515","천호성지","https://tong.visitkorea.or.kr/cms2/website/15/2702515.jpg","전라북도 완주군 비봉면","한국관광공사 김지호","202010","천호성지, 전라북도 완주군, 종교, 천주교, 가톨릭, 드론촬영, 드론사진, 항공촬영"
"","4b4813bf-9094-4ff2-becf-ba265c50642c","천호성지","수원","경기도 광주시 퇴촌면","천호성지","4","제목=이름·종교어·다른 도(전북)","2702514","천호성지","https://tong.visitkorea.or.kr/cms2/website/14/2702514.jpg","전라북도 완주군 비봉면","한국관광공사 김지호","202010","천호성지, 전라북도 완주군, 종교, 천주교, 가톨릭, 드론촬영, 드론사진, 항공촬영"
"","4b4813bf-9094-4ff2-becf-ba265c50642c","천호성지","수원","경기도 광주시 퇴촌면","천호성지","4","제목=이름·종교어·다른 도(전북)","2702513","천호성지","https://tong.visitkorea.or.kr/cms2/website/13/2702513.jpg","전라북도 완주군 비봉면","한국관광공사 김지호","202010","천호성지, 전라북도 완주군, 종교, 천주교, 가톨릭, 드론촬영, 드론사진, 항공촬영"
"","4b4813bf-9094-4ff2-becf-ba265c50642c","천호성지","수원","경기도 광주시 퇴촌면","천호성지","4","제목=이름·종교어·다른 도(전북)","2702512","천호성지","https://tong.visitkorea.or.kr/cms2/website/12/2702512.jpg","전라북도 완주군 비봉면","한국관광공사 김지호","202010","천호성지, 전라북도 완주군, 종교, 천주교, 가톨릭, 드론촬영, 드론사진, 항공촬영"
"","4b4813bf-9094-4ff2-becf-ba265c50642c","천호성지","수원","경기도 광주시 퇴촌면","천호성지","4","제목=이름·종교어·다른 도(전북)","2702511","천호성지","https://tong.visitkorea.or.kr/cms2/website/11/2702511.jpg","전라북도 완주군 비봉면","한국관광공사 김지호","202010","천호성지, 전라북도 완주군, 종교, 천주교, 가톨릭, 드론촬영, 드론사진, 항공촬영"
"","4b4813bf-9094-4ff2-becf-ba265c50642c","천호성지","수원","경기도 광주시 퇴촌면","천호성지","4","제목=이름·종교어·다른 도(전북)","2702510","천호성지","https://tong.visitkorea.or.kr/cms2/website/10/2702510.jpg","전라북도 완주군 비봉면","한국관광공사 김지호","202010","천호성지, 전라북도 완주군, 종교, 천주교, 가톨릭, 드론촬영, 드론사진, 항공촬영"
"y","586807a3-3a63-4b89-b99d-fd994dd6d5fa","초남이 성지","전주","전북 전주시 완산구 (바우배기)","초남이성지","9","제목=이름·종교어·같은 도","2702529","초남이성지","https://tong.visitkorea.or.kr/cms2/website/29/2702529.jpg","전라북도 완주군 이서면","한국관광공사 김지호","202010","초남이성지, 전라북도 완주군, 종교, 천주교, 가톨릭, 드론촬영, 드론사진, 항공촬영"
"","586807a3-3a63-4b89-b99d-fd994dd6d5fa","초남이 성지","전주","전북 전주시 완산구 (바우배기)","초남이성지","9","제목=이름·종교어·같은 도","2702528","초남이성지","https://tong.visitkorea.or.kr/cms2/website/28/2702528.jpg","전라북도 완주군 이서면","한국관광공사 김지호","202010","초남이성지, 전라북도 완주군, 종교, 천주교, 가톨릭, 드론촬영, 드론사진, 항공촬영"
"","586807a3-3a63-4b89-b99d-fd994dd6d5fa","초남이 성지","전주","전북 전주시 완산구 (바우배기)","초남이성지","9","제목=이름·종교어·같은 도","2702527","초남이성지","https://tong.visitkorea.or.kr/cms2/website/27/2702527.jpg","전라북도 완주군 이서면","한국관광공사 김지호","202010","초남이성지, 전라북도 완주군, 종교, 천주교, 가톨릭, 드론촬영, 드론사진, 항공촬영"
"","586807a3-3a63-4b89-b99d-fd994dd6d5fa","초남이 성지","전주","전북 전주시 완산구 (바우배기)","초남이성지","9","제목=이름·종교어·같은 도","2702526","초남이성지","https://tong.visitkorea.or.kr/cms2/website/26/2702526.jpg","전라북도 완주군 이서면","한국관광공사 김지호","202010","초남이성지, 전라북도 완주군, 종교, 천주교, 가톨릭, 드론촬영, 드론사진, 항공촬영"
"","586807a3-3a63-4b89-b99d-fd994dd6d5fa","초남이 성지","전주","전북 전주시 완산구 (바우배기)","초남이성지","9","제목=이름·종교어·같은 도","2702525","초남이성지","https://tong.visitkorea.or.kr/cms2/website/25/2702525.jpg","전라북도 완주군 이서면","한국관광공사 김지호","202010","초남이성지, 전라북도 완주군, 종교, 천주교, 가톨릭"
"","586807a3-3a63-4b89-b99d-fd994dd6d5fa","초남이 성지","전주","전북 전주시 완산구 (바우배기)","초남이성지","9","제목=이름·종교어·같은 도","2702524","초남이성지","https://tong.visitkorea.or.kr/cms2/website/24/2702524.jpg","전라북도 완주군 이서면","한국관광공사 김지호","202010","초남이성지, 전라북도 완주군, 종교, 천주교, 가톨릭"
"","586807a3-3a63-4b89-b99d-fd994dd6d5fa","초남이 성지","전주","전북 전주시 완산구 (바우배기)","초남이성지","9","제목=이름·종교어·같은 도","2702523","초남이성지","https://tong.visitkorea.or.kr/cms2/website/23/2702523.jpg","전라북도 완주군 이서면","한국관광공사 김지호","202010","초남이성지, 전라북도 완주군, 종교, 천주교, 가톨릭"
"","0e16c2ac-8f78-4b16-9059-b69041e3c96e","치명자산 성지","전주","전북 전주시 완산구 교동 승암산(치명자산) 정상","치명자산","5","검색어⊃검색어·종교어·같은 도","2029179","도시의 주인","https://tong.visitkorea.or.kr/cms2/website/79/2029179.jpg","전라북도 전주시 승암산","유광현","201500","2015 제43회 대한민국 관광사진 공모전, 입선, 도시의 주인, 전라북도, 전주, 승암산, 치명자산, 전주 전경, 일몰, 노을, 부처상, 성지"
"","3c5c55a8-c994-4d95-882c-19ab96beb26c","한티 순교성지","대구","경북 칠곡군 동명면 한티로 1","한티순교성지","9","제목=이름·종교어·같은 도","1054156","한티순교성지","https://tong.visitkorea.or.kr/cms2/website/56/1054156.jpg","경상북도 칠곡군","한국관광공사 박성근","201005","한티순교성지 안내문"
"","3c5c55a8-c994-4d95-882c-19ab96beb26c","한티 순교성지","대구","경북 칠곡군 동명면 한티로 1","한티순교성지","9","제목=이름·종교어·같은 도","1054165","한티순교성지","https://tong.visitkorea.or.kr/cms2/website/65/1054165.jpg","경상북도 칠곡군","한국관광공사 박성근","201005","한티순교성지 순교자묘역"
"y","3c5c55a8-c994-4d95-882c-19ab96beb26c","한티 순교성지","대구","경북 칠곡군 동명면 한티로 1","한티순교성지","9","제목=이름·종교어·같은 도","1054170","한티순교성지","https://tong.visitkorea.or.kr/cms2/website/70/1054170.jpg","경상북도 칠곡군","한국관광공사 박성근","201005","한티순교성지 성지안내"
"","3c5c55a8-c994-4d95-882c-19ab96beb26c","한티 순교성지","대구","경북 칠곡군 동명면 한티로 1","한티순교성지","9","제목=이름·종교어·같은 도","1054178","한티순교성지","https://tong.visitkorea.or.kr/cms2/website/78/1054178.jpg","경상북도 칠곡군","한국관광공사 박성근","201005","한티순교성지 "
"","3c5c55a8-c994-4d95-882c-19ab96beb26c","한티 순교성지","대구","경북 칠곡군 동명면 한티로 1","한티순교성지","9","제목=이름·종교어·같은 도","1054188","한티순교성지","https://tong.visitkorea.or.kr/cms2/website/88/1054188.jpg","경상북도 칠곡군","한국관광공사 박성근","201005","한티순교성지, 십자가의 길"
"","3c5c55a8-c994-4d95-882c-19ab96beb26c","한티 순교성지","대구","경북 칠곡군 동명면 한티로 1","한티순교성지","9","제목=이름·종교어·같은 도","1054262","한티순교성지","https://tong.visitkorea.or.kr/cms2/website/62/1054262.jpg","경상북도 칠곡군","한국관광공사 박성근","201005","한티순교성지"
"","3c5c55a8-c994-4d95-882c-19ab96beb26c","한티 순교성지","대구","경북 칠곡군 동명면 한티로 1","한티순교성지","9","제목=이름·종교어·같은 도","1054266","한티순교성지","https://tong.visitkorea.or.kr/cms2/website/66/1054266.jpg","경상북도 칠곡군","한국관광공사 박성근","201005","한티순교성지, 십자가"
"","3c5c55a8-c994-4d95-882c-19ab96beb26c","한티 순교성지","대구","경북 칠곡군 동명면 한티로 1","한티순교성지","9","제목=이름·종교어·같은 도","1054273","한티순교성지","https://tong.visitkorea.or.kr/cms2/website/73/1054273.jpg","경상북도 칠곡군","한국관광공사 박성근","201005","한티순교성지, 십자가"
"","3c5c55a8-c994-4d95-882c-19ab96beb26c","한티 순교성지","대구","경북 칠곡군 동명면 한티로 1","한티순교성지","9","제목=이름·종교어·같은 도","1054275","한티순교성지","https://tong.visitkorea.or.kr/cms2/website/75/1054275.jpg","경상북도 칠곡군","한국관광공사 박성근","201005","한티순교성지"
"","3c5c55a8-c994-4d95-882c-19ab96beb26c","한티 순교성지","대구","경북 칠곡군 동명면 한티로 1","한티순교성지","9","제목=이름·종교어·같은 도","1054279","한티순교성지","https://tong.visitkorea.or.kr/cms2/website/79/1054279.jpg","경상북도 칠곡군","한국관광공사 박성근","201005","한티순교성지 성모마리아상"
"","3c5c55a8-c994-4d95-882c-19ab96beb26c","한티 순교성지","대구","경북 칠곡군 동명면 한티로 1","한티순교성지","9","제목=이름·종교어·같은 도","1054285","한티순교성지","https://tong.visitkorea.or.kr/cms2/website/85/1054285.jpg","경상북도 칠곡군","한국관광공사 박성근","201005","한티순교성지 옛공소"
"","3c5c55a8-c994-4d95-882c-19ab96beb26c","한티 순교성지","대구","경북 칠곡군 동명면 한티로 1","한티순교성지","9","제목=이름·종교어·같은 도","1054288","한티순교성지","https://tong.visitkorea.or.kr/cms2/website/88/1054288.jpg","경상북도 칠곡군","한국관광공사 박성근","201005","한티순교성지 옛공소"
