id,name,en,diocese,match,cand_title,cand_url,license,artist,desc_url,width
"b5c0ae5c-5913-4647-b917-2fd368518033","계산 주교좌대성당","Gyesan Cathedral","대구","weak","Cathedral and Migliore.jpg","https://upload.wikimedia.org/wikipedia/commons/2/23/Cathedral_and_Migliore.jpg?utm_source=commons.wikimedia.org&utm_campaign=imageinfo&utm_content=original","CC SA 1.0","","https://commons.wikimedia.org/wiki/File:Cathedral_and_Migliore.jpg","500"
"b5c0ae5c-5913-4647-b917-2fd368518033","계산 주교좌대성당","Gyesan Cathedral","대구","weak","Kyesan Cathedral Front.jpg","https://upload.wikimedia.org/wikipedia/commons/e/e1/Kyesan_Cathedral_Front.jpg?utm_source=commons.wikimedia.org&utm_campaign=imageinfo&utm_content=original","CC BY-SA 3.0","Himuka tachibana","https://commons.wikimedia.org/wiki/File:Kyesan_Cathedral_Front.jpg","2448"
"b5c0ae5c-5913-4647-b917-2fd368518033","계산 주교좌대성당","Gyesan Cathedral","대구","weak","Kyesan Cathedral Inner.jpg","https://upload.wikimedia.org/wikipedia/commons/2/26/Kyesan_Cathedral_Inner.jpg?utm_source=commons.wikimedia.org&utm_campaign=imageinfo&utm_content=original","CC BY-SA 3.0","Himuka tachibana","https://commons.wikimedia.org/wiki/File:Kyesan_Cathedral_Inner.jpg","2448"
"90025fc0-dd69-461c-a5c2-3179d8886ff0","관덕정 순교성지","Gwandeokjeong Martyrdom Shrine","대구","strong","Gwandeokjeong Pavilion.JPG","https://upload.wikimedia.org/wikipedia/commons/f/fd/Gwandeokjeong_Pavilion.JPG?utm_source=commons.wikimedia.org&utm_campaign=imageinfo&utm_content=original","CC BY-SA 3.0","Thddbwnd","https://commons.wikimedia.org/wiki/File:Gwandeokjeong_Pavilion.JPG","1024"
"90025fc0-dd69-461c-a5c2-3179d8886ff0","관덕정 순교성지","Gwandeokjeong Martyrdom Shrine","대구","strong","Gwandeokjeong Pavilion 2.JPG","https://upload.wikimedia.org/wikipedia/commons/e/eb/Gwandeokjeong_Pavilion_2.JPG?utm_source=commons.wikimedia.org&utm_campaign=imageinfo&utm_content=original","CC BY-SA 3.0","Thddbwnd","https://commons.wikimedia.org/wiki/File:Gwandeokjeong_Pavilion_2.JPG","1024"
"90025fc0-dd69-461c-a5c2-3179d8886ff0","관덕정 순교성지","Gwandeokjeong Martyrdom Shrine","대구","strong","Dolhareubang of Gwandeokjeong 2.JPG","https://upload.wikimedia.org/wikipedia/commons/a/a2/Dolhareubang_of_Gwandeokjeong_2.JPG?utm_source=commons.wikimedia.org&utm_campaign=imageinfo&utm_content=original","CC BY-SA 3.0","Thddbwnd","https://commons.wikimedia.org/wiki/File:Dolhareubang_of_Gwandeokjeong_2.JPG","600"
"c52027a2-f320-4f54-95b3-e64856dddb4c","범어 주교좌대성당","Beomeo Cathedral","대구","weak","범어대성당.jpg","https://upload.wikimedia.org/wikipedia/commons/4/46/%EB%B2%94%EC%96%B4%EB%8C%80%EC%84%B1%EB%8B%B9.jpg?utm_source=commons.wikimedia.org&utm_campaign=imageinfo&utm_content=original","CC BY-SA 3.0","Ewolrd2","https://commons.wikimedia.org/wiki/File:%EB%B2%94%EC%96%B4%EB%8C%80%EC%84%B1%EB%8B%B9.jpg","4160"
"c52027a2-f320-4f54-95b3-e64856dddb4c","범어 주교좌대성당","Beomeo Cathedral","대구","strong","Daegu-metropolitan-transit-corporation-233-Beomeo-station-entrance-10-20161010-081614.jpg","https://upload.wikimedia.org/wikipedia/commons/d/d0/Daegu-metropolitan-transit-corporation-233-Beomeo-station-entrance-10-20161010-081614.jpg?utm_source=commons.wikimedia.org&utm_campaign=imageinfo&utm_content=original","CC BY-SA 4.0","LERK","https://commons.wikimedia.org/wiki/File:Daegu-metropolitan-transit-corporation-233-Beomeo-station-entrance-10-20161010-081614.jpg","4000"
"c52027a2-f320-4f54-95b3-e64856dddb4c","범어 주교좌대성당","Beomeo Cathedral","대구","strong","Daegu-metropolitan-transit-corporation-233-Beomeo-station-entrance-03-20161011-092850.jpg","https://upload.wikimedia.org/wikipedia/commons/3/31/Daegu-metropolitan-transit-corporation-233-Beomeo-station-entrance-03-20161011-092850.jpg?utm_source=commons.wikimedia.org&utm_campaign=imageinfo&utm_content=original","CC BY-SA 4.0","LERK","https://commons.wikimedia.org/wiki/File:Daegu-metropolitan-transit-corporation-233-Beomeo-station-entrance-03-20161011-092850.jpg","4000"
"e6ba760e-a5d7-40c0-8899-6f4a319ff2bc","비산 성당","Bisan Church","대구","strong","Minami Bisan-Seto and Kita Bisan-Seto Bridges.jpg","https://upload.wikimedia.org/wikipedia/commons/7/79/Minami_Bisan-Seto_and_Kita_Bisan-Seto_Bridges.jpg?utm_source=commons.wikimedia.org&utm_campaign=imageinfo&utm_content=original","CC BY 2.1 jp","Aimさんの最新情報","https://commons.wikimedia.org/wiki/File:Minami_Bisan-Seto_and_Kita_Bisan-Seto_Bridges.jpg","4288"
"e6ba760e-a5d7-40c0-8899-6f4a319ff2bc","비산 성당","Bisan Church","대구","strong","JP-Kagawa-Great-Seto-Bridge-Minami Bisan-Seto-Bridge.jpg","https://upload.wikimedia.org/wikipedia/commons/2/28/JP-Kagawa-Great-Seto-Bridge-Minami_Bisan-Seto-Bridge.jpg?utm_source=commons.wikimedia.org&utm_campaign=imageinfo&utm_content=original","CC BY-SA 4.0","Kanchi1979","https://commons.wikimedia.org/wiki/File:JP-Kagawa-Great-Seto-Bridge-Minami_Bisan-Seto-Bridge.jpg","3332"
"e6ba760e-a5d7-40c0-8899-6f4a319ff2bc","비산 성당","Bisan Church","대구","strong","1 Laureano Bisan Etamé-Mayer.jpg","https://upload.wikimedia.org/wikipedia/commons/8/87/1_Laureano_Bisan_Etam%C3%A9-Mayer.jpg?utm_source=commons.wikimedia.org&utm_campaign=imageinfo&utm_content=original","CC BY-SA 4.0","Chensiyuan","https://commons.wikimedia.org/wiki/File:1_Laureano_Bisan_Etam%C3%A9-Mayer.jpg","3642"
"23144148-89ae-4ce2-967f-99154caf1a8f","성 유스티노 신학교","St. Justin's Seminary","대구","strong","Justin McMurdie (14104112216).jpg","https://upload.wikimedia.org/wikipedia/commons/e/ef/Justin_McMurdie_%2814104112216%29.jpg?utm_source=commons.wikimedia.org&utm_campaign=imageinfo&utm_content=original","CC BY-SA 2.0","Portland Seminary from Portland, OR, USA","https://commons.wikimedia.org/wiki/File:Justin_McMurdie_(14104112216).jpg","3514"
"23144148-89ae-4ce2-967f-99154caf1a8f","성 유스티노 신학교","St. Justin's Seminary","대구","strong","Justin McMurdie (13940622497).jpg","https://upload.wikimedia.org/wikipedia/commons/c/c7/Justin_McMurdie_%2813940622497%29.jpg?utm_source=commons.wikimedia.org&utm_campaign=imageinfo&utm_content=original","CC BY-SA 2.0","Portland Seminary from Portland, OR, USA","https://commons.wikimedia.org/wiki/File:Justin_McMurdie_(13940622497).jpg","3993"
"23144148-89ae-4ce2-967f-99154caf1a8f","성 유스티노 신학교","St. Justin's Seminary","대구","strong","Justin McMurdie (13940622697).jpg","https://upload.wikimedia.org/wikipedia/commons/2/2d/Justin_McMurdie_%2813940622697%29.jpg?utm_source=commons.wikimedia.org&utm_campaign=imageinfo&utm_content=original","CC BY-SA 2.0","Portland Seminary from Portland, OR, USA","https://commons.wikimedia.org/wiki/File:Justin_McMurdie_(13940622697).jpg","2125"
"ad74fef5-1d7c-468e-a32c-03e551af7482","왜관 성 베네딕도 수도원","Waegwan St. Benedict's Abbey","대구","strong","Geumgangjeondo-Waegwan Abbey.png","https://upload.wikimedia.org/wikipedia/commons/e/e1/Geumgangjeondo-Waegwan_Abbey.png?utm_source=commons.wikimedia.org&utm_campaign=imageinfo&utm_content=original","Public domain","Jeong Seon","https://commons.wikimedia.org/wiki/File:Geumgangjeondo-Waegwan_Abbey.png","1309"
"3c5c55a8-c994-4d95-882c-19ab96beb26c","한티 순교성지","Hanti Martyrdom Shrine","대구","weak","Saranpaul - view over river.jpg","https://upload.wikimedia.org/wikipedia/commons/3/37/Saranpaul_-_view_over_river.jpg?utm_source=commons.wikimedia.org&utm_campaign=imageinfo&utm_content=original","CC BY 2.0","ugraland [1] from Moscow, Russia","https://commons.wikimedia.org/wiki/File:Saranpaul_-_view_over_river.jpg","2115"
"3c5c55a8-c994-4d95-882c-19ab96beb26c","한티 순교성지","Hanti Martyrdom Shrine","대구","weak","Nature in Khanty-Mansiya.jpg","https://upload.wikimedia.org/wikipedia/commons/5/58/Nature_in_Khanty-Mansiya.jpg?utm_source=commons.wikimedia.org&utm_campaign=imageinfo&utm_content=original","CC BY 2.0","ugraland [1] from Moscow, Russia","https://commons.wikimedia.org/wiki/File:Nature_in_Khanty-Mansiya.jpg","800"
"3c5c55a8-c994-4d95-882c-19ab96beb26c","한티 순교성지","Hanti Martyrdom Shrine","대구","strong","Khantia mansia map.png","https://upload.wikimedia.org/wikipedia/commons/9/9a/Khantia_mansia_map.png?utm_source=commons.wikimedia.org&utm_campaign=imageinfo&utm_content=original","CC0","WikiEditor2004","https://commons.wikimedia.org/wiki/File:Khantia_mansia_map.png","998"
"384ece39-557d-48bc-9708-ec04f1bb5e13","강경 성당","Ganggyeong Church","대전","strong","Ganggyeong station platform.jpg","https://upload.wikimedia.org/wikipedia/commons/6/66/Ganggyeong_station_platform.jpg?utm_source=commons.wikimedia.org&utm_campaign=imageinfo&utm_content=original","CC BY-SA 3.0","Sim1992","https://commons.wikimedia.org/wiki/File:Ganggyeong_station_platform.jpg","1200"
"384ece39-557d-48bc-9708-ec04f1bb5e13","강경 성당","Ganggyeong Church","대전","strong","Ganggyeong Station.jpg","https://upload.wikimedia.org/wikipedia/commons/4/4b/Ganggyeong_Station.jpg?utm_source=commons.wikimedia.org&utm_campaign=imageinfo&utm_content=original","CC BY-SA 3.0","Jjw","https://commons.wikimedia.org/wiki/File:Ganggyeong_Station.jpg","2592"
"384ece39-557d-48bc-9708-ec04f1bb5e13","강경 성당","Ganggyeong Church","대전","strong","Ganggyeong Stn. Nameplate.jpg","https://upload.wikimedia.org/wikipedia/commons/2/2c/Ganggyeong_Stn._Nameplate.jpg?utm_source=commons.wikimedia.org&utm_campaign=imageinfo&utm_content=original","CC BY-SA 4.0","인생살이","https://commons.wikimedia.org/wiki/File:Ganggyeong_Stn._Nameplate.jpg","768"
"96784fc3-c4c5-4266-978c-467dff83abc7","덕산 순교 성지","Deoksan Martyrdom Shrine","대전","weak","Jincheon-map.png","https://upload.wikimedia.org/wikipedia/commons/5/50/Jincheon-map.png?utm_source=commons.wikimedia.org&utm_campaign=imageinfo&utm_content=original","Public domain","장길산","https://commons.wikimedia.org/wiki/File:Jincheon-map.png","1000"
"96784fc3-c4c5-4266-978c-467dff83abc7","덕산 순교 성지","Deoksan Martyrdom Shrine","대전","weak","Jinhae-map.png","https://upload.wikimedia.org/wikipedia/commons/4/4e/Jinhae-map.png?utm_source=commons.wikimedia.org&utm_campaign=imageinfo&utm_content=original","Public domain","장길산","https://commons.wikimedia.org/wiki/File:Jinhae-map.png","5000"
"96784fc3-c4c5-4266-978c-467dff83abc7","덕산 순교 성지","Deoksan Martyrdom Shrine","대전","strong","Korail0deoksan.jpg","https://upload.wikimedia.org/wikipedia/commons/f/fd/Korail0deoksan.jpg?utm_source=commons.wikimedia.org&utm_campaign=imageinfo&utm_content=original","CC BY-SA 3.0","sz1161","https://commons.wikimedia.org/wiki/File:Korail0deoksan.jpg","1024"
"11d93a00-93a6-48b4-818b-af1ec69ad15b","성거산성지","Seonggeosan Shrine","대전","weak","성거산 천흥사명 동종 01.JPG","https://upload.wikimedia.org/wikipedia/commons/5/5b/%EC%84%B1%EA%B1%B0%EC%82%B0_%EC%B2%9C%ED%9D%A5%EC%82%AC%EB%AA%85_%EB%8F%99%EC%A2%85_01.JPG?utm_source=commons.wikimedia.org&utm_campaign=imageinfo&utm_content=original","CC BY-SA 3.0","Eggmoon","https://commons.wikimedia.org/wiki/File:%EC%84%B1%EA%B1%B0%EC%82%B0_%EC%B2%9C%ED%9D%A5%EC%82%AC%EB%AA%85_%EB%8F%99%EC%A2%85_01.JPG","2848"
"11d93a00-93a6-48b4-818b-af1ec69ad15b","성거산성지","Seonggeosan Shrine","대전","weak","성거산 천흥사명 동종 03.JPG","https://upload.wikimedia.org/wikipedia/commons/6/64/%EC%84%B1%EA%B1%B0%EC%82%B0_%EC%B2%9C%ED%9D%A5%EC%82%AC%EB%AA%85_%EB%8F%99%EC%A2%85_03.JPG?utm_source=commons.wikimedia.org&utm_campaign=imageinfo&utm_content=original","CC BY-SA 3.0","Eggmoon","https://commons.wikimedia.org/wiki/File:%EC%84%B1%EA%B1%B0%EC%82%B0_%EC%B2%9C%ED%9D%A5%EC%82%AC%EB%AA%85_%EB%8F%99%EC%A2%85_03.JPG","2848"
"11d93a00-93a6-48b4-818b-af1ec69ad15b","성거산성지","Seonggeosan Shrine","대전","weak","성거산 천흥사명 동종 02.JPG","https://upload.wikimedia.org/wikipedia/commons/1/10/%EC%84%B1%EA%B1%B0%EC%82%B0_%EC%B2%9C%ED%9D%A5%EC%82%AC%EB%AA%85_%EB%8F%99%EC%A2%85_02.JPG?utm_source=commons.wikimedia.org&utm_campaign=imageinfo&utm_content=original","CC BY-SA 3.0","Eggmoon","https://commons.wikimedia.org/wiki/File:%EC%84%B1%EA%B1%B0%EC%82%B0_%EC%B2%9C%ED%9D%A5%EC%82%AC%EB%AA%85_%EB%8F%99%EC%A2%85_02.JPG","2848"
"c9b75913-f657-4efd-a847-238be4d39ce8","정산 순교 성지","Jeongsan Martyrdom Shrine","대전","weak","Jangseung from Norumok in the National Folk Museum of Korea.jpg","https://upload.wikimedia.org/wikipedia/commons/b/b0/Jangseung_from_Norumok_in_the_National_Folk_Museum_of_Korea.jpg?utm_source=commons.wikimedia.org&utm_campaign=imageinfo&utm_content=original","CC BY-SA 4.0","Ethan Doyle White","https://commons.wikimedia.org/wiki/File:Jangseung_from_Norumok_in_the_National_Folk_Museum_of_Korea.jpg","3672"
"c9b75913-f657-4efd-a847-238be4d39ce8","정산 순교 성지","Jeongsan Martyrdom Shrine","대전","weak","Jangseung from Norumok in the National Folk Museum of Korea (Facial Detail I).jpg","https://upload.wikimedia.org/wikipedia/commons/9/9c/Jangseung_from_Norumok_in_the_National_Folk_Museum_of_Korea_%28Facial_Detail_I%29.jpg?utm_source=commons.wikimedia.org&utm_campaign=imageinfo&utm_content=original","CC BY-SA 4.0","Ethan Doyle White","https://commons.wikimedia.org/wiki/File:Jangseung_from_Norumok_in_the_National_Folk_Museum_of_Korea_(Facial_Detail_I).jpg","3517"
"c9b75913-f657-4efd-a847-238be4d39ce8","정산 순교 성지","Jeongsan Martyrdom Shrine","대전","weak","Jangseung from Norumok in the National Folk Museum of Korea (Facial Detail II).jpg","https://upload.wikimedia.org/wikipedia/commons/6/60/Jangseung_from_Norumok_in_the_National_Folk_Museum_of_Korea_%28Facial_Detail_II%29.jpg?utm_source=commons.wikimedia.org&utm_campaign=imageinfo&utm_content=original","CC BY-SA 4.0","Ethan Doyle White","https://commons.wikimedia.org/wiki/File:Jangseung_from_Norumok_in_the_National_Folk_Museum_of_Korea_(Facial_Detail_II).jpg","3484"
"b1ac6215-43e2-4a0d-8dde-44cd7d3d787a","지석리 성지","Jiseok-ri Shrine","대전","weak","Kim Ji-seok from acrofan.jpg","https://upload.wikimedia.org/wikipedia/commons/d/d8/Kim_Ji-seok_from_acrofan.jpg?utm_source=commons.wikimedia.org&utm_campaign=imageinfo&utm_content=original","CC BY-SA 3.0","acrofan.com","https://commons.wikimedia.org/wiki/File:Kim_Ji-seok_from_acrofan.jpg","597"
"b1ac6215-43e2-4a0d-8dde-44cd7d3d787a","지석리 성지","Jiseok-ri Shrine","대전","strong","Jiseok-s.JPG","https://upload.wikimedia.org/wikipedia/commons/b/ba/Jiseok-s.JPG?utm_source=commons.wikimedia.org&utm_campaign=imageinfo&utm_content=original","CC0","안우석","https://commons.wikimedia.org/wiki/File:Jiseok-s.JPG","3264"
"b1ac6215-43e2-4a0d-8dde-44cd7d3d787a","지석리 성지","Jiseok-ri Shrine","대전","strong","Jiseok-o.JPG","https://upload.wikimedia.org/wikipedia/commons/4/4a/Jiseok-o.JPG?utm_source=commons.wikimedia.org&utm_campaign=imageinfo&utm_content=original","CC0","안우석","https://commons.wikimedia.org/wiki/File:Jiseok-o.JPG","3264"
"eef91372-92ee-4b31-9314-5e9cb92946e9","진산 성지","Jinsan Shrine","대전","weak","The Memorial Archway in Weitang 01 2015-05.JPG","https://upload.wikimedia.org/wikipedia/commons/8/82/The_Memorial_Archway_in_Weitang_01_2015-05.JPG?utm_source=commons.wikimedia.org&utm_campaign=imageinfo&utm_content=original","CC BY-SA 4.0","猫猫的日记本","https://commons.wikimedia.org/wiki/File:The_Memorial_Archway_in_Weitang_01_2015-05.JPG","4912"
"eef91372-92ee-4b31-9314-5e9cb92946e9","진산 성지","Jinsan Shrine","대전","weak","The Memorial Archway in Weitang 04 2015-05.JPG","https://upload.wikimedia.org/wikipedia/commons/5/5d/The_Memorial_Archway_in_Weitang_04_2015-05.JPG?utm_source=commons.wikimedia.org&utm_campaign=imageinfo&utm_content=original","CC BY-SA 4.0","猫猫的日记本","https://commons.wikimedia.org/wiki/File:The_Memorial_Archway_in_Weitang_04_2015-05.JPG","4912"
"eef91372-92ee-4b31-9314-5e9cb92946e9","진산 성지","Jinsan Shrine","대전","weak","The Memorial Archway in Weitang 09 2015-05.JPG","https://upload.wikimedia.org/wikipedia/commons/6/68/The_Memorial_Archway_in_Weitang_09_2015-05.JPG?utm_source=commons.wikimedia.org&utm_campaign=imageinfo&utm_content=original","CC BY-SA 4.0","猫猫的日记本","https://commons.wikimedia.org/wiki/File:The_Memorial_Archway_in_Weitang_09_2015-05.JPG","3264"
"f1e25869-e3cb-40de-b4b6-da5b5b398797","천주교 대흥동 교회 (대흥동 성당)","Daeheung-dong Catholic Church","대전","strong","Daeheung Dong-Cathedral 01.jpg","https://upload.wikimedia.org/wikipedia/commons/e/e0/Daeheung_Dong-Cathedral_01.jpg?utm_source=commons.wikimedia.org&utm_campaign=imageinfo&utm_content=original","CC BY-SA 4.0","Exj","https://commons.wikimedia.org/wiki/File:Daeheung_Dong-Cathedral_01.jpg","3024"
"f1e25869-e3cb-40de-b4b6-da5b5b398797","천주교 대흥동 교회 (대흥동 성당)","Daeheung-dong Catholic Church","대전","strong","Daeheung-dong Community Service Center 20140514 164029.jpg","https://upload.wikimedia.org/wikipedia/commons/2/23/Daeheung-dong_Community_Service_Center_20140514_164029.jpg?utm_source=commons.wikimedia.org&utm_campaign=imageinfo&utm_content=original","CC BY-SA 4.0","안우석","https://commons.wikimedia.org/wiki/File:Daeheung-dong_Community_Service_Center_20140514_164029.jpg","3264"
"f1e25869-e3cb-40de-b4b6-da5b5b398797","천주교 대흥동 교회 (대흥동 성당)","Daeheung-dong Catholic Church","대전","strong","Eclectic-style house in Daeheung-dong, Daejeon,.jpg","https://upload.wikimedia.org/wikipedia/commons/0/02/Eclectic-style_house_in_Daeheung-dong%2C_Daejeon%2C.jpg?utm_source=commons.wikimedia.org&utm_campaign=imageinfo&utm_content=original","CC BY-SA 4.0","이강철","https://commons.wikimedia.org/wiki/File:Eclectic-style_house_in_Daeheung-dong,_Daejeon,.jpg","3456"
"69b7f3a2-cd0e-4d19-b31c-4ac6447d2b8b","가회동 성당","Gahoe-dong Catholic Church","서울","strong","Korea Gaheedong Catholic Church 20140424 16 (14039222742).jpg","https://upload.wikimedia.org/wikipedia/commons/1/1e/Korea_Gaheedong_Catholic_Church_20140424_16_%2814039222742%29.jpg?utm_source=commons.wikimedia.org&utm_campaign=imageinfo&utm_content=original","CC BY-SA 2.0","Republic of  Korea from Seoul, Republic of Korea","https://commons.wikimedia.org/wiki/File:Korea_Gaheedong_Catholic_Church_20140424_16_(14039222742).jpg","4596"
"69b7f3a2-cd0e-4d19-b31c-4ac6447d2b8b","가회동 성당","Gahoe-dong Catholic Church","서울","strong","Korea Gaheedong Catholic Church 20140424 14 (14039222992).jpg","https://upload.wikimedia.org/wikipedia/commons/8/8b/Korea_Gaheedong_Catholic_Church_20140424_14_%2814039222992%29.jpg?utm_source=commons.wikimedia.org&utm_campaign=imageinfo&utm_content=original","CC BY-SA 2.0","Republic of  Korea from Seoul, Republic of Korea","https://commons.wikimedia.org/wiki/File:Korea_Gaheedong_Catholic_Church_20140424_14_(14039222992).jpg","4992"
"69b7f3a2-cd0e-4d19-b31c-4ac6447d2b8b","가회동 성당","Gahoe-dong Catholic Church","서울","strong","Korea Gaheedong Catholic Church 20140424 10 (14042882684).jpg","https://upload.wikimedia.org/wikipedia/commons/2/28/Korea_Gaheedong_Catholic_Church_20140424_10_%2814042882684%29.jpg?utm_source=commons.wikimedia.org&utm_campaign=imageinfo&utm_content=original","CC BY-SA 2.0","Republic of  Korea from Seoul, Republic of Korea","https://commons.wikimedia.org/wiki/File:Korea_Gaheedong_Catholic_Church_20140424_10_(14042882684).jpg","3176"
"47d6a607-6c63-46e9-bef9-0b382f253889","경기 감영 터","Site of the Gyeonggi Provincial Office","서울","strong","Gyeonggi Prov. Gov't North Office Station.JPG","https://upload.wikimedia.org/wikipedia/commons/3/34/Gyeonggi_Prov._Gov%27t_North_Office_Station.JPG?utm_source=commons.wikimedia.org&utm_campaign=imageinfo&utm_content=original","CC BY-SA 3.0","hyolee2","https://commons.wikimedia.org/wiki/File:Gyeonggi_Prov._Gov%27t_North_Office_Station.JPG","3264"
"47d6a607-6c63-46e9-bef9-0b382f253889","경기 감영 터","Site of the Gyeonggi Provincial Office","서울","strong","Gyeonggi Prov. Gov't North Office Station1.JPG","https://upload.wikimedia.org/wikipedia/commons/2/21/Gyeonggi_Prov._Gov%27t_North_Office_Station1.JPG?utm_source=commons.wikimedia.org&utm_campaign=imageinfo&utm_content=original","CC BY-SA 3.0","hyolee2","https://commons.wikimedia.org/wiki/File:Gyeonggi_Prov._Gov%27t_North_Office_Station1.JPG","2448"
"47d6a607-6c63-46e9-bef9-0b382f253889","경기 감영 터","Site of the Gyeonggi Provincial Office","서울","strong","Gyeonggi Prov. Gov't Office.JPG","https://upload.wikimedia.org/wikipedia/commons/e/e8/Gyeonggi_Prov._Gov%27t_Office.JPG?utm_source=commons.wikimedia.org&utm_campaign=imageinfo&utm_content=original","CC BY-SA 3.0","hyolee2","https://commons.wikimedia.org/wiki/File:Gyeonggi_Prov._Gov%27t_Office.JPG","3264"
"77197844-6e5d-4f22-a2f0-1a77dd999357","광화문 124위 시복 터","Gwanghwamun, Site of the Beatification of 124 Martyrs","서울","strong","Korea Pope Francis Gwanghwamun Beatification 24 (14932569742).jpg","https://upload.wikimedia.org/wikipedia/commons/9/91/Korea_Pope_Francis_Gwanghwamun_Beatification_24_%2814932569742%29.jpg?utm_source=commons.wikimedia.org&utm_campaign=imageinfo&utm_content=original","CC BY-SA 2.0","Republic of  Korea from Seoul, Republic of Korea","https://commons.wikimedia.org/wiki/File:Korea_Pope_Francis_Gwanghwamun_Beatification_24_(14932569742).jpg","3840"
"77197844-6e5d-4f22-a2f0-1a77dd999357","광화문 124위 시복 터","Gwanghwamun, Site of the Beatification of 124 Martyrs","서울","strong","Korea Pope Francis Gwanghwamun Beatification 11 (14932924375).jpg","https://upload.wikimedia.org/wikipedia/commons/1/1a/Korea_Pope_Francis_Gwanghwamun_Beatification_11_%2814932924375%29.jpg?utm_source=commons.wikimedia.org&utm_campaign=imageinfo&utm_content=original","CC BY-SA 2.0","Republic of  Korea from Seoul, Republic of Korea","https://commons.wikimedia.org/wiki/File:Korea_Pope_Francis_Gwanghwamun_Beatification_11_(14932924375).jpg","4122"
"77197844-6e5d-4f22-a2f0-1a77dd999357","광화문 124위 시복 터","Gwanghwamun, Site of the Beatification of 124 Martyrs","서울","strong","Korea Pope Francis Gwanghwamun Beatification 17 (14746280680).jpg","https://upload.wikimedia.org/wikipedia/commons/9/94/Korea_Pope_Francis_Gwanghwamun_Beatification_17_%2814746280680%29.jpg?utm_source=commons.wikimedia.org&utm_campaign=imageinfo&utm_content=original","CC BY-SA 2.0","Republic of  Korea from Seoul, Republic of Korea","https://commons.wikimedia.org/wiki/File:Korea_Pope_Francis_Gwanghwamun_Beatification_17_(14746280680).jpg","5760"
"c18f5a67-d517-4bfe-9dbf-a6b6f39f6d62","노고산 성지","Nogosan Shrine","서울","strong","Seoul Nogosan Post office.JPG","https://upload.wikimedia.org/wikipedia/commons/1/1f/Seoul_Nogosan_Post_office.JPG?utm_source=commons.wikimedia.org&utm_campaign=imageinfo&utm_content=original","CC BY-SA 4.0","hyolee2","https://commons.wikimedia.org/wiki/File:Seoul_Nogosan_Post_office.JPG","1634"
"c18f5a67-d517-4bfe-9dbf-a6b6f39f6d62","노고산 성지","Nogosan Shrine","서울","strong","Seoul Ring Expwy Nogosan 2 TN 975m Ahead(Uijeongbu Dir).jpg","https://upload.wikimedia.org/wikipedia/commons/a/a9/Seoul_Ring_Expwy_Nogosan_2_TN_975m_Ahead%28Uijeongbu_Dir%29.jpg?utm_source=commons.wikimedia.org&utm_campaign=imageinfo&utm_content=original","CC BY-SA 4.0","Jhcbs1019","https://commons.wikimedia.org/wiki/File:Seoul_Ring_Expwy_Nogosan_2_TN_975m_Ahead(Uijeongbu_Dir).jpg","4608"
"c18f5a67-d517-4bfe-9dbf-a6b6f39f6d62","노고산 성지","Nogosan Shrine","서울","strong","Seoul Ring Expwy Nogosan 2 TN(Uijeongbu Dir).jpg","https://upload.wikimedia.org/wikipedia/commons/5/54/Seoul_Ring_Expwy_Nogosan_2_TN%28Uijeongbu_Dir%29.jpg?utm_source=commons.wikimedia.org&utm_campaign=imageinfo&utm_content=original","CC BY-SA 4.0","Jhcbs1019","https://commons.wikimedia.org/wiki/File:Seoul_Ring_Expwy_Nogosan_2_TN(Uijeongbu_Dir).jpg","4608"
"b01a51e2-2c86-4458-b95b-7a742bc062cd","삼성산 성지","Samseongsan Shrine","서울","weak","Gyeongjumts.png","https://upload.wikimedia.org/wikipedia/commons/9/9e/Gyeongjumts.png?utm_source=commons.wikimedia.org&utm_campaign=imageinfo&utm_content=original","Public domain","Visviva at English Wikipedia","https://commons.wikimedia.org/wiki/File:Gyeongjumts.png","635"
"b01a51e2-2c86-4458-b95b-7a742bc062cd","삼성산 성지","Samseongsan Shrine","서울","weak","Korea-Gyeongju-Map of mountains and drainage-01.png","https://upload.wikimedia.org/wikipedia/commons/7/75/Korea-Gyeongju-Map_of_mountains_and_drainage-01.png?utm_source=commons.wikimedia.org&utm_campaign=imageinfo&utm_content=original","Public domain","Gyeongjumts.png: The original uploader was Visviva at English Wikipedia.
derivative work: Caspian blue","https://commons.wikimedia.org/wiki/File:Korea-Gyeongju-Map_of_mountains_and_drainage-01.png","635"
"b01a51e2-2c86-4458-b95b-7a742bc062cd","삼성산 성지","Samseongsan Shrine","서울","weak","Korea-Gyeongju-Map of mountains and drainage-01A.png","https://upload.wikimedia.org/wikipedia/commons/d/de/Korea-Gyeongju-Map_of_mountains_and_drainage-01A.png?utm_source=commons.wikimedia.org&utm_campaign=imageinfo&utm_content=original","Public domain","Gyeongjumts.png: Original uploader was Visviva at en.wikipedia
derivative work: Caspian blue","https://commons.wikimedia.org/wiki/File:Korea-Gyeongju-Map_of_mountains_and_drainage-01A.png","635"
"c3dab929-8628-4fcd-be56-032a8076f934","서소문 밖 네거리 순교성지","Seosomun Martyrdom Shrine","서울","weak","Souimun Gate marker, Seoul, Korea.jpg","https://upload.wikimedia.org/wikipedia/commons/a/ab/Souimun_Gate_marker%2C_Seoul%2C_Korea.jpg?utm_source=commons.wikimedia.org&utm_campaign=imageinfo&utm_content=original","CC BY-SA 3.0","Mark Froelich","https://commons.wikimedia.org/wiki/File:Souimun_Gate_marker,_Seoul,_Korea.jpg","986"
"c3dab929-8628-4fcd-be56-032a8076f934","서소문 밖 네거리 순교성지","Seosomun Martyrdom Shrine","서울","weak","Souimun Gate marker on wall, Seoul, Korea.jpg","https://upload.wikimedia.org/wikipedia/commons/e/e6/Souimun_Gate_marker_on_wall%2C_Seoul%2C_Korea.jpg?utm_source=commons.wikimedia.org&utm_campaign=imageinfo&utm_content=original","CC BY-SA 3.0","Mark Froelich","https://commons.wikimedia.org/wiki/File:Souimun_Gate_marker_on_wall,_Seoul,_Korea.jpg","986"
"c3dab929-8628-4fcd-be56-032a8076f934","서소문 밖 네거리 순교성지","Seosomun Martyrdom Shrine","서울","weak","Souimun Gate Marker, detail, Seoul, Korea.jpg","https://upload.wikimedia.org/wikipedia/commons/b/b3/Souimun_Gate_Marker%2C_detail%2C_Seoul%2C_Korea.jpg?utm_source=commons.wikimedia.org&utm_campaign=imageinfo&utm_content=original","CC BY-SA 3.0","Mark Froelich","https://commons.wikimedia.org/wiki/File:Souimun_Gate_Marker,_detail,_Seoul,_Korea.jpg","454"
"63ea8de1-e96a-43bf-b124-81f4f0b352f3","용산 예수 성심 신학교","Yongsan Sacred Heart Seminary","서울","strong","Wonhyo-ro Catholic church of Sacred Heart of Jejus 01.jpg","https://upload.wikimedia.org/wikipedia/commons/b/ba/Wonhyo-ro_Catholic_church_of_Sacred_Heart_of_Jejus_01.jpg?utm_source=commons.wikimedia.org&utm_campaign=imageinfo&utm_content=original","CC BY-SA 4.0","Jjw","https://commons.wikimedia.org/wiki/File:Wonhyo-ro_Catholic_church_of_Sacred_Heart_of_Jejus_01.jpg","4000"
"63ea8de1-e96a-43bf-b124-81f4f0b352f3","용산 예수 성심 신학교","Yongsan Sacred Heart Seminary","서울","strong","Wonhyo-ro Catholic church of Sacred Heart of Jejus 02.jpg","https://upload.wikimedia.org/wikipedia/commons/c/cb/Wonhyo-ro_Catholic_church_of_Sacred_Heart_of_Jejus_02.jpg?utm_source=commons.wikimedia.org&utm_campaign=imageinfo&utm_content=original","CC BY-SA 4.0","Jjw","https://commons.wikimedia.org/wiki/File:Wonhyo-ro_Catholic_church_of_Sacred_Heart_of_Jejus_02.jpg","4000"
"63ea8de1-e96a-43bf-b124-81f4f0b352f3","용산 예수 성심 신학교","Yongsan Sacred Heart Seminary","서울","strong","Wonhyo-ro Catholic church of Sacred Heart of Jejus 03.jpg","https://upload.wikimedia.org/wikipedia/commons/d/d6/Wonhyo-ro_Catholic_church_of_Sacred_Heart_of_Jejus_03.jpg?utm_source=commons.wikimedia.org&utm_campaign=imageinfo&utm_content=original","CC BY-SA 4.0","Jjw","https://commons.wikimedia.org/wiki/File:Wonhyo-ro_Catholic_church_of_Sacred_Heart_of_Jejus_03.jpg","6000"
"219050d3-59e4-4871-b896-9b5fcb0c4c31","우포도청 터","Site of the Right Police Bureau","서울","strong","FBI police officer 2.jpg","https://upload.wikimedia.org/wikipedia/commons/c/c2/FBI_police_officer_2.jpg?utm_source=commons.wikimedia.org&utm_campaign=imageinfo&utm_content=original","Public domain","FBI","https://commons.wikimedia.org/wiki/File:FBI_police_officer_2.jpg","192"
"219050d3-59e4-4871-b896-9b5fcb0c4c31","우포도청 터","Site of the Right Police Bureau","서울","strong","ROC-NPA Railway Police Bureau headquarters 20140713.jpg","https://upload.wikimedia.org/wikipedia/commons/e/ed/ROC-NPA_Railway_Police_Bureau_headquarters_20140713.jpg?utm_source=commons.wikimedia.org&utm_campaign=imageinfo&utm_content=original","Public domain","Abasaa","https://commons.wikimedia.org/wiki/File:ROC-NPA_Railway_Police_Bureau_headquarters_20140713.jpg","2048"
"219050d3-59e4-4871-b896-9b5fcb0c4c31","우포도청 터","Site of the Right Police Bureau","서울","strong","KLPB Third Precinct 4718-B2 right side at Baifu Police Station 20160716.jpg","https://upload.wikimedia.org/wikipedia/commons/b/be/KLPB_Third_Precinct_4718-B2_right_side_at_Baifu_Police_Station_20160716.jpg?utm_source=commons.wikimedia.org&utm_campaign=imageinfo&utm_content=original","CC BY-SA 4.0","Solomon203","https://commons.wikimedia.org/wiki/File:KLPB_Third_Precinct_4718-B2_right_side_at_Baifu_Police_Station_20160716.jpg","2800"
"a8f9d7a8-a375-4bc5-8544-23f3eddbb08a","종로 성당","Jongno Catholic Church","서울","strong","Statue of Jesus Christ on the Jongno Catholic Church.jpg","https://upload.wikimedia.org/wikipedia/commons/4/40/Statue_of_Jesus_Christ_on_the_Jongno_Catholic_Church.jpg?utm_source=commons.wikimedia.org&utm_campaign=imageinfo&utm_content=original","CC BY-SA 4.0","Ethan Doyle White","https://commons.wikimedia.org/wiki/File:Statue_of_Jesus_Christ_on_the_Jongno_Catholic_Church.jpg","3086"
"a8f9d7a8-a375-4bc5-8544-23f3eddbb08a","종로 성당","Jongno Catholic Church","서울","strong","Tower of the Jongno Catholic Church.jpg","https://upload.wikimedia.org/wikipedia/commons/b/b1/Tower_of_the_Jongno_Catholic_Church.jpg?utm_source=commons.wikimedia.org&utm_campaign=imageinfo&utm_content=original","CC BY-SA 4.0","Ethan Doyle White","https://commons.wikimedia.org/wiki/File:Tower_of_the_Jongno_Catholic_Church.jpg","3063"
"a8f9d7a8-a375-4bc5-8544-23f3eddbb08a","종로 성당","Jongno Catholic Church","서울","strong","Pope Francis on the Jongno Catholic Church.jpg","https://upload.wikimedia.org/wikipedia/commons/9/9c/Pope_Francis_on_the_Jongno_Catholic_Church.jpg?utm_source=commons.wikimedia.org&utm_campaign=imageinfo&utm_content=original","CC BY-SA 4.0","Ethan Doyle White","https://commons.wikimedia.org/wiki/File:Pope_Francis_on_the_Jongno_Catholic_Church.jpg","4896"
"b5305b5c-a7d6-4dd2-bdfe-f7f6687819f5","좌포도청 터","Site of the Left Police Bureau","서울","weak","Watertown FBI raid - news vans.jpg","https://upload.wikimedia.org/wikipedia/commons/d/d9/Watertown_FBI_raid_-_news_vans.jpg?utm_source=commons.wikimedia.org&utm_campaign=imageinfo&utm_content=original","CC BY-SA 3.0","Tim Pierce","https://commons.wikimedia.org/wiki/File:Watertown_FBI_raid_-_news_vans.jpg","3024"
"b5305b5c-a7d6-4dd2-bdfe-f7f6687819f5","좌포도청 터","Site of the Left Police Bureau","서울","weak","PIIGS Mk 4 map.png","https://upload.wikimedia.org/wikipedia/commons/3/3a/PIIGS_Mk_4_map.png?utm_source=commons.wikimedia.org&utm_campaign=imageinfo&utm_content=original","CC BY 3.0","The original uploader was Snow storm in Eastern Asia at English Wikipedia.","https://commons.wikimedia.org/wiki/File:PIIGS_Mk_4_map.png","3180"
"b5305b5c-a7d6-4dd2-bdfe-f7f6687819f5","좌포도청 터","Site of the Left Police Bureau","서울","weak","Bastendorff Beach becomes day-use site (40048550810).jpg","https://upload.wikimedia.org/wikipedia/commons/d/d8/Bastendorff_Beach_becomes_day-use_site_%2840048550810%29.jpg?utm_source=commons.wikimedia.org&utm_campaign=imageinfo&utm_content=original","Public domain","Bureau of Land Management Oregon and Washington from Portland, America","https://commons.wikimedia.org/wiki/File:Bastendorff_Beach_becomes_day-use_site_(40048550810).jpg","4496"
"8b266b66-1006-4a4c-a708-1aa554492548","한국 순교자 103위 시성 터","Site of the Canonization of the 103 Korean Martyrs","서울","strong","Korean martyrs stela MEP.jpg","https://upload.wikimedia.org/wikipedia/commons/1/1d/Korean_martyrs_stela_MEP.jpg?utm_source=commons.wikimedia.org&utm_campaign=imageinfo&utm_content=original","CC BY-SA 3.0","PHGCOM","https://commons.wikimedia.org/wiki/File:Korean_martyrs_stela_MEP.jpg","2016"
"8b266b66-1006-4a4c-a708-1aa554492548","한국 순교자 103위 시성 터","Site of the Canonization of the 103 Korean Martyrs","서울","weak","Fr. Emil Joseph Kapaun.jpg","https://upload.wikimedia.org/wikipedia/commons/f/f9/Fr._Emil_Joseph_Kapaun.jpg?utm_source=commons.wikimedia.org&utm_campaign=imageinfo&utm_content=original","Public domain","Unknown authorUnknown author","https://commons.wikimedia.org/wiki/File:Fr._Emil_Joseph_Kapaun.jpg","449"
"8b266b66-1006-4a4c-a708-1aa554492548","한국 순교자 103위 시성 터","Site of the Canonization of the 103 Korean Martyrs","서울","weak","Les douze martyrs coréens de la Société des Missions Étrangères de Paris.jpg","https://upload.wikimedia.org/wikipedia/commons/8/8f/Les_douze_martyrs_cor%C3%A9ens_de_la_Soci%C3%A9t%C3%A9_des_Missions_%C3%89trang%C3%A8res_de_Paris.jpg?utm_source=commons.wikimedia.org&utm_campaign=imageinfo&utm_content=original","Public domain","Paris Foreign Missions Society","https://commons.wikimedia.org/wiki/File:Les_douze_martyrs_cor%C3%A9ens_de_la_Soci%C3%A9t%C3%A9_des_Missions_%C3%89trang%C3%A8res_de_Paris.jpg","1838"
"f73bcec2-b2b6-4b5f-9acd-84720dedf53b","한국 천주교회 창립 터","Birthplace of the Catholic Church in Korea","서울","weak","1894JoseonSeoul.jpg","https://upload.wikimedia.org/wikipedia/commons/2/2d/1894JoseonSeoul.jpg?utm_source=commons.wikimedia.org&utm_campaign=imageinfo&utm_content=original","Public domain","Frank G. Carpenter","https://commons.wikimedia.org/wiki/File:1894JoseonSeoul.jpg","1156"
"f73bcec2-b2b6-4b5f-9acd-84720dedf53b","한국 천주교회 창립 터","Birthplace of the Catholic Church in Korea","서울","strong","War Memorial of Korea main building.JPG","https://upload.wikimedia.org/wikipedia/commons/c/ca/War_Memorial_of_Korea_main_building.JPG?utm_source=commons.wikimedia.org&utm_campaign=imageinfo&utm_content=original","CC BY-SA 3.0","Adbar","https://commons.wikimedia.org/wiki/File:War_Memorial_of_Korea_main_building.JPG","3703"
"f73bcec2-b2b6-4b5f-9acd-84720dedf53b","한국 천주교회 창립 터","Birthplace of the Catholic Church in Korea","서울","strong","Choe Nam-seon's Korean peninsula tiger.jpg","https://upload.wikimedia.org/wikipedia/commons/7/71/Choe_Nam-seon%27s_Korean_peninsula_tiger.jpg?utm_source=commons.wikimedia.org&utm_campaign=imageinfo&utm_content=original","Public domain","Choe Nam-seon","https://commons.wikimedia.org/wiki/File:Choe_Nam-seon%27s_Korean_peninsula_tiger.jpg","323"