siteId,site,diocese,file,desc,cats,license,artist,width,height,url,판정
"90025fc0-dd69-461c-a5c2-3179d8886ff0","관덕정 순교성지","대구","File:Gwandeokjeong Pavilion.JPG","Gwandeokjeong Pavilion located in Jeju, South Korea.","CC-BY-SA-3.0 | Files by User:Thddbwnd | Files with coordinates missing SDC location of creation | Gwandeokjeong | Self-published work","CC BY-SA 3.0","Thddbwnd","1024","768","https://upload.wikimedia.org/wikipedia/commons/f/fd/Gwandeokjeong_Pavilion.JPG",""
"90025fc0-dd69-461c-a5c2-3179d8886ff0","관덕정 순교성지","대구","File:Gwandeokjeong Pavilion 2.JPG","Gwandeokjeong Pavilion located in Jeju, South Korea.","CC-BY-SA-3.0 | Files by User:Thddbwnd | Files with coordinates missing SDC location of creation | Gwandeokjeong | Self-published work","CC BY-SA 3.0","Thddbwnd","1024","768","https://upload.wikimedia.org/wikipedia/commons/e/eb/Gwandeokjeong_Pavilion_2.JPG",""
"90025fc0-dd69-461c-a5c2-3179d8886ff0","관덕정 순교성지","대구","File:Gwandeokjeong 01.JPG","Gwandeokjeong","Gwandeokjeong | PD-self | Self-published work | Taken with Pentax Optio E60","Public domain","Abasaa","2048","1536","https://upload.wikimedia.org/wikipedia/commons/e/e6/Gwandeokjeong_01.JPG",""
"90025fc0-dd69-461c-a5c2-3179d8886ff0","관덕정 순교성지","대구","File:Grand'place de Quelpaert, Maison Commune de la ville de Tjyeitjyou.jpg","Grand'place de Quelpaert, Maison Commune de la ville de Tjyeitjyou (Gwandeokjeong, Jeju-si) . Photographie du livre « Le catholicisme en Corée, son or","Book illustrations | CC-PD-Mark | Extracted images | Files by User:Koreller/Cropped | Gwandeokjeong | Jeju-si | PD-old-70-expired | PD-old missing SDC copyright status","Public domain","Paris Foreign Missions Society","2700","1732","https://upload.wikimedia.org/wikipedia/commons/a/a9/Grand%27place_de_Quelpaert%2C_Maison_Commune_de_la_ville_de_Tjyeitjyou.jpg",""
"796e1f04-a8e6-4344-bb24-461802417f26","복자 성당","대구","File:Pavel Svedomskiy 011.jpg","A God's Fool label QS:Lru,""Юродивый."" label QS:Len,""A God's Fool""","CC-PD-Mark | Foolishness for Christ | PD-Art (PD-old-100-expired) | PD-old-100-expired | Paintings by Pavel Svedomsky | Paintings without Wikidata item","Public domain","Pavel Svedomsky","607","1000","https://upload.wikimedia.org/wikipedia/commons/9/96/Pavel_Svedomskiy_011.jpg",""
"796e1f04-a8e6-4344-bb24-461802417f26","복자 성당","대구","File:Beata María Ludovica De Angelis.png","Beata María Ludovica De Angelis","Beatified people | CC-PD-Mark | PD-Art (PD-old-70) | PD-Art missing SDC copyright status | PD-old missing SDC copyright status","Public domain","Foto de la Congregacion Hijas de Nuestra Señora de la Misericordia","447","796","https://upload.wikimedia.org/wikipedia/commons/c/c8/Beata_Mar%C3%ADa_Ludovica_De_Angelis.png",""
"796e1f04-a8e6-4344-bb24-461802417f26","복자 성당","대구","File:Sierva de Dios Victorina Rivara de Perazzo.png","Sierva de Dios Victorina Rivara de Perazzo nacida en argentina","Beatified people | CC-BY-SA-4.0 | Self-published work","CC BY-SA 4.0","Juanoscar545","691","813","https://upload.wikimedia.org/wikipedia/commons/a/a5/Sierva_de_Dios_Victorina_Rivara_de_Perazzo.png",""
"796e1f04-a8e6-4344-bb24-461802417f26","복자 성당","대구","File:Master Of The Avignon School- Vision of Cardinal Pierre de Luxembourg.jpg","Blessed Pierre de Luxembourg (20 July 1369 – 2 July 1387) was a French Catholic prelate who served as the Bishop of Metz, and as a cardinal of the Avi","Beatified people from France | Images from Web Gallery of Art | PD France | Pierre de Luxembourg","Public domain","Master Of The Avignon School","440","600","https://upload.wikimedia.org/wikipedia/commons/1/16/Master_Of_The_Avignon_School-_Vision_of_Cardinal_Pierre_de_Luxembourg.jpg",""
"e6ba760e-a5d7-40c0-8899-6f4a319ff2bc","비산 성당","대구","File:Arsenic-acid-3D-vdW.png","","Arsenic acid | Files with no machine-readable author | Files with no machine-readable source | Media missing infobox template | PD-self | Self-published work","Public domain","","1100","968","https://upload.wikimedia.org/wikipedia/commons/5/55/Arsenic-acid-3D-vdW.png",""
"e6ba760e-a5d7-40c0-8899-6f4a319ff2bc","비산 성당","대구","File:Arsenic-acid-2D.png","","Arsenic acid | Files with no machine-readable author | Files with no machine-readable source | Media missing infobox template | PD-self | Self-published work","Public domain","","1100","842","https://upload.wikimedia.org/wikipedia/commons/8/89/Arsenic-acid-2D.png",""
"e6ba760e-a5d7-40c0-8899-6f4a319ff2bc","비산 성당","대구","File:Arsenic-acid-3D-balls.png","Ball-and-stick model of the arsenic acid molecule, an inorganic acid similar to phosphoric acid , where phosphorus is replaced by arsenic. Colour code","Arsenic acid | Ball-and-stick models with transparent background | CC-Zero | Created with Discovery Studio Visualizer | Images by Jynto | Self-published work","CC0","Jynto ( talk )","2000","1631","https://upload.wikimedia.org/wikipedia/commons/b/b5/Arsenic-acid-3D-balls.png",""
"e6ba760e-a5d7-40c0-8899-6f4a319ff2bc","비산 성당","대구","File:Arsenic-acid-3D-spacefill.png","Space-filling model of the arsenic acid molecule, an inorganic acid similar to phosphoric acid , where phosphorus is replaced by arsenic. Colour code:","Arsenic acid | CC-Zero | Created with Discovery Studio Visualizer | Images by Jynto | Self-published work | Space-filling models with transparent background","CC0","Jynto ( talk )","2000","1863","https://upload.wikimedia.org/wikipedia/commons/f/f8/Arsenic-acid-3D-spacefill.png",""
"23144148-89ae-4ce2-967f-99154caf1a8f","성 유스티노 신학교","대구","File:DCU Center - Worcester, MA - DSC05773.jpg","DCU Center, Worcester, Massachusetts, USA.","CC-Zero | DCU Center | Files uploaded by Daderot | Self-published work | Taken with Sony DSC-H55","CC0","Daderot","4320","3240","https://upload.wikimedia.org/wikipedia/commons/f/f4/DCU_Center_-_Worcester%2C_MA_-_DSC05773.jpg",""
"23144148-89ae-4ce2-967f-99154caf1a8f","성 유스티노 신학교","대구","File:DCU Center Worcester MA.JPG","DCU Center from Foster St","CC-BY-SA-3.0 | DCU Center | Self-published work | Taken with Canon EOS 400D","CC BY-SA 3.0","Pvmoutside","3888","2592","https://upload.wikimedia.org/wikipedia/commons/a/a7/DCU_Center_Worcester_MA.JPG",""
"23144148-89ae-4ce2-967f-99154caf1a8f","성 유스티노 신학교","대구","File:DCU Center Convention Center.JPG","DCU Center Convention Center at 50 Foster St. in Worcester, Massachusetts (USA)","2015 in Massachusetts | CC-BY-SA-4.0 | DCU Center | Self-published work | Taken with Nikon Coolpix S8100 | Worcester Plaza","CC BY-SA 4.0","Terageorge~commonswiki","4000","3000","https://upload.wikimedia.org/wikipedia/commons/e/ef/DCU_Center_Convention_Center.JPG",""
"23144148-89ae-4ce2-967f-99154caf1a8f","성 유스티노 신학교","대구","File:DCU Center Worcester Massachusetts USA.jpg","DCU Center Arena and Convention Center","CC-BY-SA-4.0 | Corner buildings in Massachusetts | DCU Center | Self-published work","CC BY-SA 4.0","Jlahair","1920","1080","https://upload.wikimedia.org/wikipedia/commons/f/f9/DCU_Center_Worcester_Massachusetts_USA.jpg",""
"3c5c55a8-c994-4d95-882c-19ab96beb26c","한티 순교성지","대구","File:20091128 Loutra Thermes Xanthi Thrace Greece 2.jpg","Thermes - Xanthi hot-spa springs, Xanthi Prefecture, Greece.","Assessment tagged pages marked as POTY candidates | CC-BY-SA-3.0 | Commons featured widescreen desktop backgrounds | Featured pictures of Greece | Featured pictures on Wikimedia Commons | Files with coordinates missing SDC location of creation | Pictures of the Year (2010) | Pictures of the Year (candidate) | Pictures of the day (2010) | Self-published work | Taken with Nikon D700 | Thermes, Xanthi","CC BY-SA 3.0","Ggia","4256","2832","https://upload.wikimedia.org/wikipedia/commons/9/90/20091128_Loutra_Thermes_Xanthi_Thrace_Greece_2.jpg",""
"3c5c55a8-c994-4d95-882c-19ab96beb26c","한티 순교성지","대구","File:20100911 Kotani village close panorama Xanthi Thrace Greece.jpg","Kotani traditional village - close panorama, Xanthi Prefecture, Thrace, Greece.","Assessment tagged pages marked as POTY candidates | CC-BY-SA-3.0 | Created with Hugin | Featured pictures of Greece | Featured pictures of cityscapes | Featured pictures on Wikimedia Commons | Files with coordinates missing SDC location of creation | Kotani, Xanthi | Mosques in East Macedonia and Thrace | Pictures of the Year (2010) | Pictures of the Year (candidate) | Self-published work | September 2010 Greece photographs | Taken with Nikon D700","CC BY-SA 3.0","User:Ggia","3748","1927","https://upload.wikimedia.org/wikipedia/commons/b/b8/20100911_Kotani_village_close_panorama_Xanthi_Thrace_Greece.jpg",""
"3c5c55a8-c994-4d95-882c-19ab96beb26c","한티 순교성지","대구","File:Xanthi3.jpg","Xanthi. Picture taken by (WT-shared) Handrian . Image copyright 2006 by (WT-shared) Handrian , dual-licensed under the CC-SA 1.0 (or later) and the GF","2006 in Xanthi | CC-BY-SA-4.0,3.0,2.5,2.0,1.0 | Files by Wikivoyage user (not yet sorted) | Files from Wikivoyage wts","CC BY-SA 4.0","User: (WT-shared) Handrian at wts wikivoyage","1500","1103","https://upload.wikimedia.org/wikipedia/commons/6/63/Xanthi3.jpg",""
"3c5c55a8-c994-4d95-882c-19ab96beb26c","한티 순교성지","대구","File:Сердце Югры.jpg","Oxbow lake in the Khanty-Mansi Autonomous Okrug looks like a heart","","CC BY 4.0","Ted.ns","3200","2134","https://upload.wikimedia.org/wikipedia/commons/2/26/%D0%A1%D0%B5%D1%80%D0%B4%D1%86%D0%B5_%D0%AE%D0%B3%D1%80%D1%8B.jpg",""
"384ece39-557d-48bc-9708-ec04f1bb5e13","강경 성당","대전","File:강경 풍경 260704.jpg","강경읍의 풍경.","CC-Zero | Files with coordinates missing SDC location of creation | Ganggyeong | Self-published work","CC0","Aspere","4000","2252","https://upload.wikimedia.org/wikipedia/commons/c/cd/%EA%B0%95%EA%B2%BD_%ED%92%8D%EA%B2%BD_260704.jpg",""
"384ece39-557d-48bc-9708-ec04f1bb5e13","강경 성당","대전","File:강경 하시장 (江景事情, 1928년).jpg","강경사정(江景事情, 1928년)에 수록된 강경면의 모습.","Extracted images | Historical images of Ganggyeong | PD-Japan | PD-Korea-1910-1945 | PD-South Korea | PD-US missing SDC copyright status | PD-old missing SDC copyright status | PD-scan (PD-Korea-1910-1945) | PD US expired","Public domain","판전부장","354","262","https://upload.wikimedia.org/wikipedia/commons/a/a2/%EA%B0%95%EA%B2%BD_%ED%95%98%EC%8B%9C%EC%9E%A5_%28%E6%B1%9F%E6%99%AF%E4%BA%8B%E6%83%85%2C_1928%EB%85%84%29.jpg",""
"384ece39-557d-48bc-9708-ec04f1bb5e13","강경 성당","대전","File:강경 풍경 260704 07.jpg","강경의 풍경.","CC-Zero | Creative Commons CC0 1.0 Universal Public Domain Dedication missing SDC copyright license | Files with coordinates missing SDC location of creation | Ganggyeong | Pages with local camera coordinates and missing SDC coordinates | Self-published work | Self-published work missing SDC copyright license","CC0","Aspere","4000","2252","https://upload.wikimedia.org/wikipedia/commons/6/61/%EA%B0%95%EA%B2%BD_%ED%92%8D%EA%B2%BD_260704_07.jpg",""
"384ece39-557d-48bc-9708-ec04f1bb5e13","강경 성당","대전","File:강경 풍경 260704 10.jpg","강경의 풍경.","CC-Zero | Creative Commons CC0 1.0 Universal Public Domain Dedication missing SDC copyright license | Files with coordinates missing SDC location of creation | Ganggyeong | Pages with local camera coordinates and missing SDC coordinates | Self-published work | Self-published work missing SDC copyright license","CC0","Aspere","4000","2252","https://upload.wikimedia.org/wikipedia/commons/d/d5/%EA%B0%95%EA%B2%BD_%ED%92%8D%EA%B2%BD_260704_10.jpg",""
"96784fc3-c4c5-4266-978c-467dff83abc7","덕산 순교 성지","대전","File:충남 덕산 Korea - panoramio.jpg","충남 덕산 Korea","CC-BY-SA-3.0 | Files with coordinates missing SDC location of creation | Panoramio files uploaded by Panoramio upload bot | Panoramio images reviewed by trusted users | Photos from Panoramio | South Korea photographs taken on 2005-04-25 | Sudeoksa","CC BY-SA 3.0","Chanilim714","1600","1200","https://upload.wikimedia.org/wikipedia/commons/6/6d/%EC%B6%A9%EB%82%A8_%EB%8D%95%EC%82%B0_Korea_-_panoramio.jpg",""
"96784fc3-c4c5-4266-978c-467dff83abc7","덕산 순교 성지","대전","File:충남 서산 덕산 덕숭산 Korea - panoramio.jpg","충남 서산 덕산 덕숭산 Korea","CC-BY-SA-3.0 | Files with coordinates missing SDC location of creation | Panoramio files uploaded by Panoramio upload bot | Panoramio images reviewed by trusted users | Photos from Panoramio | South Korea photographs taken on 2005-04-25 | Sudeoksa","CC BY-SA 3.0","Chanilim714","1600","1200","https://upload.wikimedia.org/wikipedia/commons/b/bd/%EC%B6%A9%EB%82%A8_%EC%84%9C%EC%82%B0_%EB%8D%95%EC%82%B0_%EB%8D%95%EC%88%AD%EC%82%B0_Korea_-_panoramio.jpg",""
"96784fc3-c4c5-4266-978c-467dff83abc7","덕산 순교 성지","대전","File:전 덕산 청동방울 일괄.jpg","국보 제255호 전 덕산 청동방울 일괄 (傳 德山 靑銅鈴一括)","Art of Korea | CC-BY-SA-4.0 | Uploaded from Korean Wikipedia using UploadWizard | Uploaded via Campaign:ko","CC BY-SA 4.0","문화재청 (공공누리 제1유형)","655","825","https://upload.wikimedia.org/wikipedia/commons/d/de/%EC%A0%84_%EB%8D%95%EC%82%B0_%EC%B2%AD%EB%8F%99%EB%B0%A9%EC%9A%B8_%EC%9D%BC%EA%B4%84.jpg",""
"96784fc3-c4c5-4266-978c-467dff83abc7","덕산 순교 성지","대전","File:고산사 응진전.jpg","제천 백제 7성 금현성 성안에 와룡산고산사 응진전의 모습이다. 와룡산에서 연원한 와룡산성은 역사성이 없는 금현성의 별칭이다.","CC-Zero | Self-published work | 고산사 | 금곡산 | 와룡산","CC0","류금열","2400","1600","https://upload.wikimedia.org/wikipedia/commons/2/28/%EA%B3%A0%EC%82%B0%EC%82%AC_%EC%9D%91%EC%A7%84%EC%A0%84.jpg",""
"11d93a00-93a6-48b4-818b-af1ec69ad15b","성거산성지","대전","File:성거산 천흥사명 동종 02.JPG","Bronze bell engraved to Cheonheungsa in Seonggeosan, Korea","Bronze bell engraved to Cheonheungsa in Seonggeosan, Korea | CC-BY-SA-3.0 | Self-published work | Taken with Canon EOS 450D","CC BY-SA 3.0","Eggmoon","2848","4272","https://upload.wikimedia.org/wikipedia/commons/1/10/%EC%84%B1%EA%B1%B0%EC%82%B0_%EC%B2%9C%ED%9D%A5%EC%82%AC%EB%AA%85_%EB%8F%99%EC%A2%85_02.JPG",""
"11d93a00-93a6-48b4-818b-af1ec69ad15b","성거산성지","대전","File:성거산 천흥사명 동종 05.JPG","Bronze bell engraved to Cheonheungsa in Seonggeosan, Korea","Bronze bell engraved to Cheonheungsa in Seonggeosan, Korea | CC-BY-SA-3.0 | Self-published work | Taken with Canon EOS 450D","CC BY-SA 3.0","Eggmoon","4272","2848","https://upload.wikimedia.org/wikipedia/commons/b/b5/%EC%84%B1%EA%B1%B0%EC%82%B0_%EC%B2%9C%ED%9D%A5%EC%82%AC%EB%AA%85_%EB%8F%99%EC%A2%85_05.JPG",""
"11d93a00-93a6-48b4-818b-af1ec69ad15b","성거산성지","대전","File:Bronze Bell of Cheonheungsa Temple, 1010 AD 01.jpg","Metal Crafts Gallery, National Museum of Korea, Seoul. Complete indexed photo collection at www.WorldHistoryPics.com.","Bronze bell engraved to Cheonheungsa in Seonggeosan, Korea | Bronze bells in Korea | Buddhist art of the Goryeo Dynasty | CC-Zero | Collections of the Goryeo Dynasty in the National Museum of Korea | Files with coordinates missing SDC location of creation | Flickr images reviewed by FlickreviewR 2 | Metalwork in the National Museum of Korea","CC0","Gary Todd","3456","5184","https://upload.wikimedia.org/wikipedia/commons/1/11/Bronze_Bell_of_Cheonheungsa_Temple%2C_1010_AD_01.jpg",""
"11d93a00-93a6-48b4-818b-af1ec69ad15b","성거산성지","대전","File:Bronze Bell of Cheonheungsa Temple, 1010 AD 01a.jpg","Metal Crafts Gallery, National Museum of Korea, Seoul. Complete indexed photo collection at www.WorldHistoryPics.com.","Bronze bell engraved to Cheonheungsa in Seonggeosan, Korea | Bronze bells in Korea | Buddhist art of the Goryeo Dynasty | CC-Zero | Collections of the Goryeo Dynasty in the National Museum of Korea | Files with coordinates missing SDC location of creation | Flickr images reviewed by FlickreviewR 2 | Metalwork in the National Museum of Korea","CC0","Gary Todd","5184","3456","https://upload.wikimedia.org/wikipedia/commons/e/e5/Bronze_Bell_of_Cheonheungsa_Temple%2C_1010_AD_01a.jpg",""
"c9b75913-f657-4efd-a847-238be4d39ce8","정산 순교 성지","대전","File:운연역 교통카드 정산·충전기.jpg","운연역 교통카드 정산·충전기","CC-BY-SA-1.0 | Self-published work | Unyeon Station","CC BY-SA 1.0","메이","424","318","https://upload.wikimedia.org/wikipedia/commons/f/f6/%EC%9A%B4%EC%97%B0%EC%97%AD_%EA%B5%90%ED%86%B5%EC%B9%B4%EB%93%9C_%EC%A0%95%EC%82%B0%C2%B7%EC%B6%A9%EC%A0%84%EA%B8%B0.jpg",""
"c9b75913-f657-4efd-a847-238be4d39ce8","정산 순교 성지","대전","File:171021 San.E 산이 04.jpg","171021 대구 한드림콘서트","CC-BY-4.0 | Files from external sources with reviewed licenses | San E","CC BY 4.0","photomami","2200","1320","https://upload.wikimedia.org/wikipedia/commons/7/76/171021_San.E_%EC%82%B0%EC%9D%B4_04.jpg",""
"c9b75913-f657-4efd-a847-238be4d39ce8","정산 순교 성지","대전","File:171021 San.E 산이 06.jpg","171021 대구 한드림콘서트","CC-BY-4.0 | Files from external sources with reviewed licenses | San E","CC BY 4.0","photomami","2200","1320","https://upload.wikimedia.org/wikipedia/commons/4/4f/171021_San.E_%EC%82%B0%EC%9D%B4_06.jpg",""
"c9b75913-f657-4efd-a847-238be4d39ce8","정산 순교 성지","대전","File:Geology of South Korea - Dobongsan Peaks (도봉산 정산) (3578202462).jpg","Geology of South Korea.","CC-BY-SA-2.0 | Files with coordinates missing SDC location of creation | Flickr images reviewed by FlickreviewR 2 | Geology of Seoul | Geology of South Korea","CC BY-SA 2.0","Seongbin Im from Seoul, Korea, Republic of","2048","1327","https://upload.wikimedia.org/wikipedia/commons/2/2a/Geology_of_South_Korea_-_Dobongsan_Peaks_%28%EB%8F%84%EB%B4%89%EC%82%B0_%EC%A0%95%EC%82%B0%29_%283578202462%29.jpg",""
"b1ac6215-43e2-4a0d-8dde-44cd7d3d787a","지석리 성지","대전","File:Jiseok-ri, Daesan-myeon Gochang-gun Jeollabuk-do.png","국토지리정보원에서 제공한 2017년 3월판 고창군 행정구역을 바탕으로 제작한 지도 에서 표시한 고창군 대산면 지석리","CC-BY-4.0 | Maps of Daesan-myeon | Self-published work","CC BY 4.0","고려","4921","4921","https://upload.wikimedia.org/wikipedia/commons/3/38/Jiseok-ri%2C_Daesan-myeon_Gochang-gun_Jeollabuk-do.png",""
"eef91372-92ee-4b31-9314-5e9cb92946e9","진산 성지","대전","File:旗山區風景.JPG","​從鼓山公園拍攝的旗山風景","2013 photographs of Kaohsiung | CC-BY-SA-3.0 | Cishan District | Photographs by Pbdragonwang taken in 2013 | Photographs by Pbdragonwang taken in Kaohsiung | Self-published work | Taken with Canon Digital IXUS 95 IS | Views from buildings in Kaohsiung","CC BY-SA 3.0","Pbdragonwang","2272","1704","https://upload.wikimedia.org/wikipedia/commons/3/33/%E6%97%97%E5%B1%B1%E5%8D%80%E9%A2%A8%E6%99%AF.JPG",""
"eef91372-92ee-4b31-9314-5e9cb92946e9","진산 성지","대전","File:Fanshuliao No.18 Bridge over gorge of Fanshuliao river.jpg","Fanshuliao No.18 Bridge over gorge of Fanshuliao river.","CC-BY-SA-4.0 | Fanshuliao No.18 Bridge | Flickr files uploaded by Kai3952 | Flickr images reviewed by trusted users","CC BY-SA 4.0","Keiko Shih","1067","1499","https://upload.wikimedia.org/wikipedia/commons/6/66/Fanshuliao_No.18_Bridge_over_gorge_of_Fanshuliao_river.jpg",""
"eef91372-92ee-4b31-9314-5e9cb92946e9","진산 성지","대전","File:Cishan Tianhou Temple 20240612.jpg","​旗山天后宮","CC-Zero | Cishan District | Cishan Tianhou Taoist Temple | Files with coordinates missing SDC location of creation | Self-published work","CC0","J. Tiunn 2002","3024","2268","https://upload.wikimedia.org/wikipedia/commons/3/39/Cishan_Tianhou_Temple_20240612.jpg",""
"eef91372-92ee-4b31-9314-5e9cb92946e9","진산 성지","대전","File:Cishan Old Street historic building row.jpg","Restored historic building facades on Cishan Old Street","Buildings in Kaohsiung | CC-BY-4.0 | Cishan Old Street | Files with coordinates missing SDC location of creation | Historic buildings (historic monuments) in Kaohsiung | Porches in Kaohsiung | Self-published work | Tourism buildings in Kaohsiung","CC BY 4.0","Craigbossley","2256","4000","https://upload.wikimedia.org/wikipedia/commons/6/6a/Cishan_Old_Street_historic_building_row.jpg",""
"2f0dc7d0-9cdb-460e-a12d-0e984bf22f77","진주 문산성당","마산","File:Korail Munsan station september 2008.jpg","Munsan Station","Munsan Station | PD-user","Public domain","Rbtjd0201 ( talk / Contributions ) at the Korean Wikipedia","3296","2472","https://upload.wikimedia.org/wikipedia/commons/1/1f/Korail_Munsan_station_september_2008.jpg",""
"2f0dc7d0-9cdb-460e-a12d-0e984bf22f77","진주 문산성당","마산","File:K335 Munsan Station Turnstile.JPG","경의선 문산역 개찰구","CC-BY-SA-3.0 | Munsan Station | Self-published work | Taken with Nikon Coolpix S700","CC BY-SA 3.0","주행거리계","3264","2448","https://upload.wikimedia.org/wikipedia/commons/7/76/K335_Munsan_Station_Turnstile.JPG",""
"2f0dc7d0-9cdb-460e-a12d-0e984bf22f77","진주 문산성당","마산","File:K335 Munsan Platform 1.JPG","경의선 문산역 1·2번 승강장","CC-BY-SA-3.0 | Munsan Station | Self-published work | Taken with Nikon Coolpix S700","CC BY-SA 3.0","주행거리계","3264","2448","https://upload.wikimedia.org/wikipedia/commons/4/4d/K335_Munsan_Platform_1.JPG",""
"2f0dc7d0-9cdb-460e-a12d-0e984bf22f77","진주 문산성당","마산","File:Munsan Station.JPG","경기도 파주시에 있는 문산역","CC-BY-SA-3.0 | GFDL | License migration redundant | Munsan Station | Self-published work | Taxis in Paju","CC BY-SA 3.0","hyolee2","3264","2448","https://upload.wikimedia.org/wikipedia/commons/1/11/Munsan_Station.JPG",""
"0d108f88-ba9a-456b-be67-41eb28b99d7e","기장 성지","부산","File:Panicum miliaceum0.jpg","Species : Panicum miliaceum Family : Image No. 1","CC-BY-SA-3.0-migrated | GFDL | License migration completed | Panicum miliaceum (fruit) | Photographs by Kurt Stüber | Photos taken with Sony Mavica","CC BY-SA 3.0","Kurt Stüber [1]","640","480","https://upload.wikimedia.org/wikipedia/commons/a/a4/Panicum_miliaceum0.jpg",""
"0d108f88-ba9a-456b-be67-41eb28b99d7e","기장 성지","부산","File:Panicum miliaceum kz01.jpg","Panicum miliaceum seedlings in botanical garden in Jibou, Romania","CC-BY-SA-4.0 | Panicum miliaceum (seedlings) | Self-published work","CC BY-SA 4.0","Krzysztof Ziarnek, Kenraiz","3669","2446","https://upload.wikimedia.org/wikipedia/commons/2/2d/Panicum_miliaceum_kz01.jpg",""
"0d108f88-ba9a-456b-be67-41eb28b99d7e","기장 성지","부산","File:Panicum miliaceum Botanical Garden Zurich.jpg","Panicum miliaceum (Echte Hirse, Rispenhirse) im Botanischen Garten Zürich","August 2023 in the canton of Zürich | Bokeh photographs of Poales flowers | CC-BY-SA-4.0 | Flora of Botanischer Garten der Universität Zürich | Panicum miliaceum | Photo challenge winners | Photographs taken on 2023-08-21 | Quiet bokeh | Self-published work | Smooth bokeh","CC BY-SA 4.0","Ephramac","4160","6240","https://upload.wikimedia.org/wikipedia/commons/e/e1/Panicum_miliaceum_Botanical_Garden_Zurich.jpg",""
"0d108f88-ba9a-456b-be67-41eb28b99d7e","기장 성지","부산","File:Panicum miliaceum MHNT.BOT.2015.34.20.jpg","Panicum miliaceum , common millet, seeds","CC-BY-SA-4.0 | Collection of botany of the Muséum de Toulouse | Files with coordinates missing SDC location of creation | Fruits on white background | Images by Ercé Botanique | Media supported by Wikimedia France | Occitanie photographs taken on 2024-04-03 | Panicum miliaceum | Plants in the Jardin Henri Gaussen, Toulouse - Specimens | Poaceae in Haute-Garonne | Quality images","CC BY-SA 4.0","Roger Culos","5184","3456","https://upload.wikimedia.org/wikipedia/commons/f/f4/Panicum_miliaceum_MHNT.BOT.2015.34.20.jpg",""
"01e2aafd-7c1f-4c16-a9ee-870114adbe88","언양 성당","부산","File:Eonyang Dolmen Sign.jpg","Photograph of a sign designating an Eonyang dolmen","2013 in Ulsan | Bilingual English-Korean signs in South Korea | Brown and white rectangular signs | CC-BY-SA-3.0 | Dolmens in South Korea | GFDL | License migration redundant | Rectangular signs in South Korea | Self-published work | South Korea photographs taken on 2013-11-28 | Taken with Canon Digital IXUS 300 HS | Ulju | Uploaded with en.wp upload wizard","CC BY-SA 3.0","Markwan","4000","3000","https://upload.wikimedia.org/wikipedia/commons/a/a3/Eonyang_Dolmen_Sign.jpg",""
"01e2aafd-7c1f-4c16-a9ee-870114adbe88","언양 성당","부산","File:Eonyang-ulju-map.png","울주군 언양읍 행정구역도","CC-BY-SA-3.0 | Maps of Ulsan | Self-published work | Uploaded from Korean Wikipedia using UploadWizard | Uploaded via Campaign:ko","CC BY-SA 3.0","Tmd8165","1460","1450","https://upload.wikimedia.org/wikipedia/commons/9/94/Eonyang-ulju-map.png",""
"01e2aafd-7c1f-4c16-a9ee-870114adbe88","언양 성당","부산","File:View of downtown Eonyang.jpg","View of downtown Eonyang as seen from the fourth floor of the Upsquare building","CC-BY-SA-3.0 | Eonyang | GFDL | License migration redundant | Self-published work | Ulju | Uploaded with MTC!","CC BY-SA 3.0","Markwan","3264","2448","https://upload.wikimedia.org/wikipedia/commons/5/53/View_of_downtown_Eonyang.jpg",""
"01e2aafd-7c1f-4c16-a9ee-870114adbe88","언양 성당","부산","File:언양 부로산봉수대.jpg","울산광역시 기념물 제16호, 언양 부로산봉수대 (彦陽 夫老山烽燧臺)","CC-BY-SA-4.0 | KOGL Type 1 | KOGL Type 1 with different SDC copyright license | Ulju | Uploaded from Korean Wikipedia using UploadWizard","CC BY-SA 4.0","Korea Heritage Service","800","594","https://upload.wikimedia.org/wikipedia/commons/6/6a/%EC%96%B8%EC%96%91_%EB%B6%80%EB%A1%9C%EC%82%B0%EB%B4%89%EC%88%98%EB%8C%80.jpg",""
"c18f5a67-d517-4bfe-9dbf-a6b6f39f6d62","노고산 성지","서울","File:Seoul Ring Expwy Nogosan 2 TN 975m Ahead(Uijeongbu Dir).jpg","Seoul Ring Expressway Nogosan 2 Tunnel 975m Ahead(Uijeongbu Direction)","CC-BY-SA-4.0 | Expressway 100 (South Korea) | Self-published work | Yangju","CC BY-SA 4.0","Jhcbs1019","4608","3456","https://upload.wikimedia.org/wikipedia/commons/a/a9/Seoul_Ring_Expwy_Nogosan_2_TN_975m_Ahead%28Uijeongbu_Dir%29.jpg",""
"c18f5a67-d517-4bfe-9dbf-a6b6f39f6d62","노고산 성지","서울","File:Seoul Ring Expwy Nogosan 2 TN(Uijeongbu Dir).jpg","Seoul Ring Expressway Nogosan 2 Tunnel(Uijeongbu Direction)","CC-BY-SA-4.0 | Expressway 100 (South Korea) | Road tunnels in South Korea | Self-published work | Yangju","CC BY-SA 4.0","Jhcbs1019","4608","3456","https://upload.wikimedia.org/wikipedia/commons/5/54/Seoul_Ring_Expwy_Nogosan_2_TN%28Uijeongbu_Dir%29.jpg",""
"c18f5a67-d517-4bfe-9dbf-a6b6f39f6d62","노고산 성지","서울","File:Seoul Ring Expwy Nogosan 1 TN(Uijeongbu Dir).jpg","Seoul Ring Expressway Nogosan 1 Tunnel(Uijeongbu Direction)","CC-BY-SA-4.0 | Expressway 100 (South Korea) | Road tunnels in South Korea | Self-published work | Tunnel warning road signs in South Korea | Yangju","CC BY-SA 4.0","Jhcbs1019","4608","3456","https://upload.wikimedia.org/wikipedia/commons/1/1e/Seoul_Ring_Expwy_Nogosan_1_TN%28Uijeongbu_Dir%29.jpg",""
"c18f5a67-d517-4bfe-9dbf-a6b6f39f6d62","노고산 성지","서울","File:Seoul Ring Expwy Nogosan 1 TN Exit, Songchu IC 400m Ahead(Uijeongbu Dir) 2.jpg","Seoul Ring Expressway Nogosan 1 Tunnel Exit, Songchu Interchange 400m Ahead(Uijeongbu Direction)","CC-BY-SA-4.0 | Expressway 100 (South Korea) | Road tunnels in South Korea | Self-published work | Yangju","CC BY-SA 4.0","Jhcbs1019","4608","3456","https://upload.wikimedia.org/wikipedia/commons/3/3b/Seoul_Ring_Expwy_Nogosan_1_TN_Exit%2C_Songchu_IC_400m_Ahead%28Uijeongbu_Dir%29_2.jpg",""
"b01a51e2-2c86-4458-b95b-7a742bc062cd","삼성산 성지","서울","File:Korea-Gyeongju-Map of mountains and drainage-01A.png","Mountains and drainage patterns of Gyeongju City, South Korea. Drawn by hand by User:Visviva . May contain inaccuracies. Mt. Munbok ('Munbok'san , 1,0","Maps of Gyeongju | PD-user | Retouched pictures | Self-published work | Uploaded with derivativeFX","Public domain","Gyeongjumts.png : Original uploader was Visviva at en.wikipedia derivative work: Caspian blue","635","595","https://upload.wikimedia.org/wikipedia/commons/d/de/Korea-Gyeongju-Map_of_mountains_and_drainage-01A.png",""
"b01a51e2-2c86-4458-b95b-7a742bc062cd","삼성산 성지","서울","File:Korea-Gyeongju-Map of mountains and drainage-02.png","Mountains and drainage patterns of Gyeongju City, South Korea. Drawn by hand by User:Visviva . May contain inaccuracies. Mt. Munbok ('Munbok'san , 1,0","Maps of Gyeongju | PD-user | Retouched pictures | Self-published work | Uploaded with derivativeFX","Public domain","Gyeongjumts.png : Original uploader was Visviva at en.wikipedia derivative work: Caspian blue","635","595","https://upload.wikimedia.org/wikipedia/commons/b/bd/Korea-Gyeongju-Map_of_mountains_and_drainage-02.png",""
"b01a51e2-2c86-4458-b95b-7a742bc062cd","삼성산 성지","서울","File:Samsungsan.jpg","Samsungsan photographed from near the top of Gwanaksan","CC-BY-SA-4.0 | Gwanak-gu, Seoul | Mountains of Gyeonggi-do | Mountains of Seoul | Nature of Anyang, Gyeonggi-do | Self-published work","CC BY-SA 4.0","Kellnerp","2412","1099","https://upload.wikimedia.org/wikipedia/commons/3/34/Samsungsan.jpg",""
"b01a51e2-2c86-4458-b95b-7a742bc062cd","삼성산 성지","서울","File:230813 삼성산 기아대교.jpg","기아대교에서 바라본 삼성산과 관악산의 전경.","CC-Zero | Files with coordinates missing SDC location of creation | Mountains of Gyeonggi-do | Mountains of Seoul | Self-published work | WikiTambang 2023","CC0","Aspere","4032","1908","https://upload.wikimedia.org/wikipedia/commons/5/5d/230813_%EC%82%BC%EC%84%B1%EC%82%B0_%EA%B8%B0%EC%95%84%EB%8C%80%EA%B5%90.jpg",""
"8c53e03c-1045-4a42-a1f7-8ad29a2f15c1","구산 성지","수원","File:Gusan Ashot.JPG","This is a photo of a monument in Armenia identified by the ID","CC-BY-SA-3.0 | Cultural heritage monuments in Armenia with known IDs | Images from Wiki Loves Monuments 2013 | Images from Wiki Loves Monuments 2013 in Armenia | Monument to Gusan Ashot | Self-published work | Taken with Sony DSC-W310 | Uploaded via Campaign:wlm-am","CC BY-SA 3.0","Dkyarunts","4000","3000","https://upload.wikimedia.org/wikipedia/commons/6/6c/Gusan_Ashot.JPG",""
"8c53e03c-1045-4a42-a1f7-8ad29a2f15c1","구산 성지","수원","File:Gusan Ashot tombstone 1 (1).jpg","Gusan Ashot tombstone in Goris","CC-BY-SA-4.0 | Gusan Ashot | Self-published work | Tombs","CC BY-SA 4.0","Armineaghayan","1536","2048","https://upload.wikimedia.org/wikipedia/commons/b/bd/Gusan_Ashot_tombstone_1_%281%29.jpg",""
"8c53e03c-1045-4a42-a1f7-8ad29a2f15c1","구산 성지","수원","File:Gusan Ashot tombstone 1.jpg","Gusan Ashot tombstone in Goris","CC-BY-SA-4.0 | Goris | Gusan Ashot | Self-published work | Tombs in Armenia","CC BY-SA 4.0","Armineaghayan","1331","1944","https://upload.wikimedia.org/wikipedia/commons/3/3e/Gusan_Ashot_tombstone_1.jpg",""
"8c53e03c-1045-4a42-a1f7-8ad29a2f15c1","구산 성지","수원","File:Gusan Cathedral.jpg","Gusan Cathedral (church in South Korea)","CC-BY-SA-4.0 | Churches in South Korea photographed in 2024 | Files with coordinates missing SDC location of creation | Gusan Cathedral | Self-published work | South Korea photographs taken on 2024-03-20 | Uploaded with Mobile/Android","CC BY-SA 4.0","Symtux","3264","2448","https://upload.wikimedia.org/wikipedia/commons/4/46/Gusan_Cathedral.jpg",""
"299f79c2-1572-4199-abdd-7b5979d5f14f","미리내 성지","수원","File:Milky Way IR Spitzer.jpg","The center of our Milky Way galaxy is hidden from the prying eyes of optical telescopes by clouds of obscuring dust and gas. But in this stunning vist","Crimson | Featured photographs in the public domain | Featured pictures from NASA | Featured pictures of the Milky Way | Featured pictures on Wikimedia Commons | Featured pictures on Wikipedia, Arabic | Featured pictures on Wikipedia, English | Featured pictures on Wikipedia, Persian | Featured pictures on Wikipedia, Turkish | Galactic Center | Images by Spitzer Space Telescope | PD NASA | Picture of week on the Persian Wikipedia | Pictures of the Year (2007) | Pictures of the Year (candidate) | Pictures of the day (2007)","Public domain","Credit: NASA/JPL-Caltech/S. Stolovy (Spitzer Science Center/Caltech)","3501","2525","https://upload.wikimedia.org/wikipedia/commons/9/9e/Milky_Way_IR_Spitzer.jpg",""
"299f79c2-1572-4199-abdd-7b5979d5f14f","미리내 성지","수원","File:ESO - Milky Way.jpg","This magnificent 360-degree panoramic image, covering the entire southern and northern celestial sphere, reveals the cosmic landscape that surrounds o","360° panoramas | Aitoff allsky views | Assessment tagged pages marked as POTY candidates | Astronomical panoramic photography | CC-BY-4.0 | European Southern Observatory Images | Featured pictures on Wikimedia Commons | Files with derivative versions | Images with annotations | Milky Way Galaxy | Pictures of the Year (2010) | Pictures of the Year (candidate) | Top 100 ESO Images | Valued images missing SDC creator","CC BY 4.0","ESO/ S. Brunier","6000","3000","https://upload.wikimedia.org/wikipedia/commons/6/60/ESO_-_Milky_Way.jpg",""
"299f79c2-1572-4199-abdd-7b5979d5f14f","미리내 성지","수원","File:Bontecou Lake Milky Way panorama.jpg","Panorama of the Milky Way galactic plane stretching over Bontecou Lake in Dutchess County, New York .","","CC BY-SA 4.0","Juliancolton","9640","3949","https://upload.wikimedia.org/wikipedia/commons/2/2e/Bontecou_Lake_Milky_Way_panorama.jpg",""
"299f79c2-1572-4199-abdd-7b5979d5f14f","미리내 성지","수원","File:Milky way in Elbrus.jpg","The Milky Way over Mount Elbrus , the highest mountain in the Caucasus Mountains . The Serpens-Aquila Rift stands in the center of the view: a group o","","CC BY 4.0","oliwok","3648","5472","https://upload.wikimedia.org/wikipedia/commons/5/55/Milky_way_in_Elbrus.jpg",""
"6c4aa646-b1b9-49e8-a7bb-e6972e47cfb4","수리산 성지","수원","File:2016년 5월 8일 경기도 군포시 수리산 DSC00354.jpg","최광모 촬영 사진 (Photos taken by Choe Kwangmo)","CC-Zero | Self-published work | Surisan","CC0","최광모 (Choe Kwangmo)","5472","3648","https://upload.wikimedia.org/wikipedia/commons/b/b1/2016%EB%85%84_5%EC%9B%94_8%EC%9D%BC_%EA%B2%BD%EA%B8%B0%EB%8F%84_%EA%B5%B0%ED%8F%AC%EC%8B%9C_%EC%88%98%EB%A6%AC%EC%82%B0_DSC00354.jpg",""
"6c4aa646-b1b9-49e8-a7bb-e6972e47cfb4","수리산 성지","수원","File:2016년 5월 8일 경기도 군포시 수리산 DSC00359.jpg","최광모 촬영 사진 (Photos taken by Choe Kwangmo)","CC-Zero | Mountains of South Korea | Ridges of South Korea | Self-published work | Surisan","CC0","최광모 (Choe Kwangmo)","5472","3648","https://upload.wikimedia.org/wikipedia/commons/d/d2/2016%EB%85%84_5%EC%9B%94_8%EC%9D%BC_%EA%B2%BD%EA%B8%B0%EB%8F%84_%EA%B5%B0%ED%8F%AC%EC%8B%9C_%EC%88%98%EB%A6%AC%EC%82%B0_DSC00359.jpg",""
"6c4aa646-b1b9-49e8-a7bb-e6972e47cfb4","수리산 성지","수원","File:2016년 5월 8일 경기도 군포시 수리산 DSC00358.jpg","최광모 촬영 사진 (Photos taken by Choe Kwangmo)","CC-Zero | Self-published work | Surisan","CC0","최광모 (Choe Kwangmo)","5472","3648","https://upload.wikimedia.org/wikipedia/commons/4/48/2016%EB%85%84_5%EC%9B%94_8%EC%9D%BC_%EA%B2%BD%EA%B8%B0%EB%8F%84_%EA%B5%B0%ED%8F%AC%EC%8B%9C_%EC%88%98%EB%A6%AC%EC%82%B0_DSC00358.jpg",""
"6c4aa646-b1b9-49e8-a7bb-e6972e47cfb4","수리산 성지","수원","File:수리산 수암봉 정상.jpg","수리산 수암봉의 정상석","CC-BY-SA-4.0 | Self-published work | Surisan","CC BY-SA 4.0","José Carioca","2873","5107","https://upload.wikimedia.org/wikipedia/commons/a/a7/%EC%88%98%EB%A6%AC%EC%82%B0_%EC%88%98%EC%95%94%EB%B4%89_%EC%A0%95%EC%83%81.jpg",""
"8645eda9-5e06-4465-a193-aaaa0cff05ff","수원 화성 순교성지","수원","File:수원 화성 화서문 Hwaseong Fortress Hwaseomun.jpg","화성, 화성 행궁","CC-BY-SA-4.0 | Cultural heritage monuments in South Korea with known IDs | Hwaseong Fortress | Images from Wiki Loves Monuments 2017 | Images from Wiki Loves Monuments 2017 in South Korea | Images from Wiki Loves Monuments missing SDC depicts | Images from Wiki Loves Monuments missing SDC location of creation | Self-published work | Uploaded via Campaign:wlm-kr","CC BY-SA 4.0","Tungdangthanh","5184","3456","https://upload.wikimedia.org/wikipedia/commons/f/fd/%EC%88%98%EC%9B%90_%ED%99%94%EC%84%B1_%ED%99%94%EC%84%9C%EB%AC%B8_Hwaseong_Fortress_Hwaseomun.jpg",""
"8645eda9-5e06-4465-a193-aaaa0cff05ff","수원 화성 순교성지","수원","File:Hwaseong Fortress, Suwon, Gyeonggi-do, Republic of Korea (2).jpg","Hwaseong Fortress, Suwon, Gyeonggi-do, Republic of Korea","CC-BY-SA-4.0 | Hwaseong Fortress | Self-published work","CC BY-SA 4.0","Lance Vanlewen","4096","3072","https://upload.wikimedia.org/wikipedia/commons/d/d1/Hwaseong_Fortress%2C_Suwon%2C_Gyeonggi-do%2C_Republic_of_Korea_%282%29.jpg",""
"8645eda9-5e06-4465-a193-aaaa0cff05ff","수원 화성 순교성지","수원","File:Hwaseong Fortress 01.jpg","Hwaseong Fortress in Suwon, South Korea","CC-Zero | Chemins de ronde | East-North Sentry Post (Hwaseong Fortress) | Files with coordinates missing SDC location of creation | Hwaseong Fortress | Quality images | Quality images missing SDC creator | Quality images missing SDC depicts | Quality images of Suwon | Quality images of fortresses | Self-published work","CC0","Bernard Gagnon","3656","2232","https://upload.wikimedia.org/wikipedia/commons/e/ed/Hwaseong_Fortress_01.jpg",""
"8645eda9-5e06-4465-a193-aaaa0cff05ff","수원 화성 순교성지","수원","File:Hwaseong Fortress 03.jpg","Chemin de ronde in Hwaseong Fortress, South Korea","CC-Zero | Chemins de ronde | Files with coordinates missing SDC location of creation | Hwaseong Fortress | Quality images | Quality images missing SDC creator | Quality images missing SDC depicts","CC0","Bernard Gagnon","4968","3312","https://upload.wikimedia.org/wikipedia/commons/7/76/Hwaseong_Fortress_03.jpg",""
"044b7fd0-bd98-4de1-98e8-0638b00b7fc2","양근 성지","수원","File:Daedongyeojido (Gyujanggak) 13-04.jpg","대동여지도","CC-PD-Mark | Daedongyeojido | Old maps of Seoul | PD-old-70-expired | PD-old missing SDC copyright status","Public domain","ko:김정호","4000","3052","https://upload.wikimedia.org/wikipedia/commons/b/b8/Daedongyeojido_%28Gyujanggak%29_13-04.jpg",""
"044b7fd0-bd98-4de1-98e8-0638b00b7fc2","양근 성지","수원","File:USAG Yongsan-Casey Conducts Joint Training Exercise Alongside ROK Army (9575111).jpg","U.S. Army Command Sgt. Maj. Donny R. Thornton, command sergeant major of U.S. Army garrison Yongsan-Casey, poses for a photograph with Republic of Kor","DVIDS files uploaded by OptimusPrimeBot | Files created by the United States Army with known IDs | Milimedia files, South Korea (review needed) | PD US Army | South Korea photographs taken on 2026-03-10","Public domain","U.S. Army photo by Sgt. Charles Leitner","5252","3800","https://upload.wikimedia.org/wikipedia/commons/4/4d/USAG_Yongsan-Casey_Conducts_Joint_Training_Exercise_Alongside_ROK_Army_%289575111%29.jpg",""
"db51e1aa-4101-48a8-94db-bc10f3723464","은이 성지","수원","File:Meall nan Eun - geograph.org.uk - 80733.jpg","Meall nan Eun. I saw one Wood Cock, one Grouse, two Sika Hinds and Two Red Deer Stags with four Hinds an a young Stag. I was well pleased, with my lit","CC-BY-SA-2.0 | Croick, Strath Carron | Hills of Scotland | Images by Donald Bain | Images from Geograph Britain and Ireland | Images from Geograph Britain and Ireland needing category review | Information field template with formatting | United Kingdom photographs taken on 2005-11-17","CC BY-SA 2.0","Donald Bain","640","480","https://upload.wikimedia.org/wikipedia/commons/4/49/Meall_nan_Eun_-_geograph.org.uk_-_80733.jpg",""
"db51e1aa-4101-48a8-94db-bc10f3723464","은이 성지","수원","File:Peat hags, Beinn nan Eun - geograph.org.uk - 1083897.jpg","Peat hags, Beinn nan Eun The hill side is so badly eroded that it is actually easier to make progress by sticking to the bottom of the peat hags, as l","Beinn nan Eun (Perth and Kinross) | CC-BY-SA-2.0 | Images by Callum Black | Images from Geograph Britain and Ireland | Information field template with formatting | Peat hags in Perth and Kinross | Taken with Canon PowerShot S2 IS | United Kingdom photographs taken on 2008-12-11","CC BY-SA 2.0","Callum Black","640","480","https://upload.wikimedia.org/wikipedia/commons/b/b0/Peat_hags%2C_Beinn_nan_Eun_-_geograph.org.uk_-_1083897.jpg",""
"db51e1aa-4101-48a8-94db-bc10f3723464","은이 성지","수원","File:Böyük Qala 24-ün I və II mərtəbələri.JPG","This is a photo of a monument in Azerbaijan identified by the ID 2135","Building on Boyuk Qala Street 24 | CC-BY-SA-4.0 | Cultural heritage monuments in Azerbaijan with known IDs | Doors in Baku | Images from Wiki Loves Monuments 2015 | Images from Wiki Loves Monuments 2015 in Azerbaijan | Images from Wiki Loves Monuments missing SDC depicts | Images from Wiki Loves Monuments missing SDC location of creation | Monuments of local value in Icherisheher | Self-published work | Uploaded via Campaign:wlm-az","CC BY-SA 4.0","Samral","4608","3456","https://upload.wikimedia.org/wikipedia/commons/3/30/B%C3%B6y%C3%BCk_Qala_24-%C3%BCn_I_v%C9%99_II_m%C9%99rt%C9%99b%C9%99l%C9%99ri.JPG",""
"db51e1aa-4101-48a8-94db-bc10f3723464","은이 성지","수원","File:Republic P-47G Thunderbolt ‘28487 - UN-I’ (NX3395G) (26572402482).jpg","Actual US military serial 42-25234. (incorrectly given on the FAA website as 42-25254). That rarest of beasts, an airworthy razorback ‘Jug’! Like the ","2016 at Chino Airport | CC-BY-SA-2.0 | Files with coordinates missing SDC location of creation","CC BY-SA 2.0","Alan Wilson from Stilton, Peterborough, Cambs, UK","5631","3754","https://upload.wikimedia.org/wikipedia/commons/3/3e/Republic_P-47G_Thunderbolt_%E2%80%9828487_-_UN-I%E2%80%99_%28NX3395G%29_%2826572402482%29.jpg",""
"8d87ca6f-f31d-40d4-b25e-9a425aed0954","죽산 순교성지","수원","File:1941년 죽산 조봉암의 가족.jpg","1941년, 한국의 독립운동가 죽산 조봉암의 가족들 (뒷줄 맨 오른쪽이 죽산 조봉암.)","1941 photographs of Korea | Black and white photographs of Korea | Black and white photographs of groups | Jo Bong-am | PD-1996 | PD-South Korea | People in 1941 | Template Unknown (author)","Public domain","Unknown author Unknown author","350","254","https://upload.wikimedia.org/wikipedia/commons/a/a7/1941%EB%85%84_%EC%A3%BD%EC%82%B0_%EC%A1%B0%EB%B4%89%EC%95%94%EC%9D%98_%EA%B0%80%EC%A1%B1.jpg",""
"8d87ca6f-f31d-40d4-b25e-9a425aed0954","죽산 순교성지","수원","File:죽산 조봉암 선생 묘역 02.jpg","죽산 조봉암 선생의 묘역은 서울특별시 중랑구 망우산 사색의길 동락천 약수터 근처에 있다.","CC-BY-SA-3.0 | Jo Bong-am | Jungnang-gu, Seoul | Self-published work | Uploaded via Campaign:ko","CC BY-SA 3.0","Nosu","1280","720","https://upload.wikimedia.org/wikipedia/commons/d/d2/%EC%A3%BD%EC%82%B0_%EC%A1%B0%EB%B4%89%EC%95%94_%EC%84%A0%EC%83%9D_%EB%AC%98%EC%97%AD_02.jpg",""
"8d87ca6f-f31d-40d4-b25e-9a425aed0954","죽산 순교성지","수원","File:죽산 조봉암 선생 묘역 05.jpg","죽산 조봉암 선생의 묘역은 서울특별시 중랑구 망우산 사색의길 동락천 약수터 근처에 있다.","CC-BY-SA-3.0 | Jo Bong-am | Jungnang-gu, Seoul | Self-published work | Uploaded via Campaign:ko","CC BY-SA 3.0","Nosu","1280","720","https://upload.wikimedia.org/wikipedia/commons/9/96/%EC%A3%BD%EC%82%B0_%EC%A1%B0%EB%B4%89%EC%95%94_%EC%84%A0%EC%83%9D_%EB%AC%98%EC%97%AD_05.jpg",""
"8d87ca6f-f31d-40d4-b25e-9a425aed0954","죽산 순교성지","수원","File:죽산 조봉암 선생 묘역 08.jpg","죽산 조봉암 선생의 묘역은 서울특별시 중랑구 망우산 사색의길 동락천 약수터 근처에 있다.","CC-BY-SA-3.0 | Jo Bong-am | Jungnang-gu, Seoul | Self-published work | Uploaded via Campaign:ko","CC BY-SA 3.0","Nosu","1280","720","https://upload.wikimedia.org/wikipedia/commons/f/f8/%EC%A3%BD%EC%82%B0_%EC%A1%B0%EB%B4%89%EC%95%94_%EC%84%A0%EC%83%9D_%EB%AC%98%EC%97%AD_08.jpg",""
"4b4813bf-9094-4ff2-becf-ba265c50642c","천호성지","수원","File:South Korea Buddha's Birthday ceremony 2015.jpg","Moon Jae-in (left), Kim Moo-sung (centre), and Cheon Ho-sun (right) at the Buddha's Birthday ceremony in South Korea.","2015 photographs of South Korea | CC-BY-SA-2.0 | Files from Korea.net Flickr stream | Flickr images missing SDC creator | Flickr images missing SDC source of file | Flickr images reviewed by trusted users | Items with VRTS permission confirmed | Kim Moo-sung | Moon Jae-in in 2015","CC BY-SA 2.0","Jeon Han, Government of the Republic of Korea","3348","1818","https://upload.wikimedia.org/wikipedia/commons/7/7e/South_Korea_Buddha%27s_Birthday_ceremony_2015.jpg",""
"4b4813bf-9094-4ff2-becf-ba265c50642c","천호성지","수원","File:Cheon Ho-seong preliminary candidate for School Superintendent of Jeollabuk-do, banner hanging on a building.jpg","전라북도 전주시 완산구 백제대로 289에 위치한 육일빌딩에 걸려있는 천호성 전라북도교육감 예비후보 현수막","CC-BY-4.0 | Files with coordinates missing SDC location of creation | Self-published work | South Korean nationwide local election 2018","CC BY 4.0","고려","5312","2988","https://upload.wikimedia.org/wikipedia/commons/a/ab/Cheon_Ho-seong_preliminary_candidate_for_School_Superintendent_of_Jeollabuk-do%2C_banner_hanging_on_a_building.jpg",""
"4b4813bf-9094-4ff2-becf-ba265c50642c","천호성지","수원","File:547 811 천호 광장.jpg","천호역 지하 1층 광장","CC-BY-SA-2.0-KR | Cheonho Station | Taken with Sony DSC-H5","CC BY-SA 2.0 kr","ko:User:Pectus Solentis (前 ko:User:바리반디 )","2048","1536","https://upload.wikimedia.org/wikipedia/commons/f/fa/547_811_%EC%B2%9C%ED%98%B8_%EA%B4%91%EC%9E%A5.jpg",""
"4b4813bf-9094-4ff2-becf-ba265c50642c","천호성지","수원","File:547 천호.jpg","547번 천호역 명판","CC-BY-SA-2.0-KR | Taken with Sony DSC-H5 | Train station signs of Seoul Subway Line 5","CC BY-SA 2.0 kr","ko:User:Pectus Solentis (前 ko:User:바리반디 )","640","480","https://upload.wikimedia.org/wikipedia/commons/f/f4/547_%EC%B2%9C%ED%98%B8.jpg",""
"817db991-6662-4a31-b414-7b2327b632ae","마원 성지","안동","File:Ma Yüan 002.jpg","","13th-century paintings from China | Art of the Yuan Dynasty in the National Palace Museum | Artworks digital representation of 2D work | Artworks with Wikidata item | Artworks with Wikidata item missing dimensions | Artworks with Wikidata item missing genre | Artworks with Wikidata item missing medium | Artworks with accession number from Wikidata | Artworks with known accession number | Chinese paintings in the Cleveland Museum of Art | Ma Yuan (painter) | PD-Art (Yorck Project) | Yorck Project paintings missing described by source","Public domain","Ma Yuan","1536","1442","https://upload.wikimedia.org/wikipedia/commons/2/27/Ma_Y%C3%BCan_002.jpg",""
"817db991-6662-4a31-b414-7b2327b632ae","마원 성지","안동","File:Ma Yuan-Confucius.png","Confucius (孔丘圖), ink and color on silk. 27.7 cm. high x 23.3 cm. wide. Located in the Palace Museum, Beijing (北京 故宫博物院).","Artworks digital representation of 2D work | Artworks with Wikidata item | Artworks with Wikidata item missing date | Artworks with Wikidata item missing genre | Artworks with accession number from Wikidata | Artworks with known accession number | CC-PD-Mark | Confucius in art | Ma Yuan (painter) | PD-Art (PD-old-100) | Paintings of the Song Dynasty | Portrait paintings in the Palace Museum | Portrait paintings of standing men","Public domain","Ma Yuan","1519","1870","https://upload.wikimedia.org/wikipedia/commons/3/32/Ma_Yuan-Confucius.png",""
"817db991-6662-4a31-b414-7b2327b632ae","마원 성지","안동","File:伏波山.JPG","​伏波山","CC-BY-SA-3.0,2.5,2.0,1.0 | Equestrian statues in China | Equestrian statues with archers | Fubo Hill","CC BY-SA 3.0","Gisling","2389","1583","https://upload.wikimedia.org/wikipedia/commons/4/42/%E4%BC%8F%E6%B3%A2%E5%B1%B1.JPG",""
"817db991-6662-4a31-b414-7b2327b632ae","마원 성지","안동","File:Ma Yuan - Scholar by a Waterfall.jpg","Scholar by a Waterfall, Southern Song dynasty (1127–1279), late 12th–early 13th century Ma Yuan (Chinese, active ca. 1190–1225) Album leaf: ink and co","","Public domain","Ma Yuan","650","626","https://upload.wikimedia.org/wikipedia/commons/3/3b/Ma_Yuan_-_Scholar_by_a_Waterfall.jpg",""
"689b73b9-5fbe-4a66-9310-52acce5d8bc8","우곡 성지","안동","File:Taro Dumpling.jpg","Taro Dumpling","Dumplings with vegetable filling | PD-self | Paper cupcake liners | Self-published work | Taro dumplings","Public domain","Benjwong","500","374","https://upload.wikimedia.org/wikipedia/commons/0/01/Taro_Dumpling.jpg",""
"689b73b9-5fbe-4a66-9310-52acce5d8bc8","우곡 성지","안동","File:Dish of taro balls at Li Wah Dim Sum.jpg","Dish of taro balls at Li Wah Dim Sum","3 dim sum | CC-BY-SA-2.0 | Dim sum in paper candy cups | Flickr images uploaded by Flickr upload bot | Li Wah Restaurant (Cleveland) | Taken with Olympus E-P2 | Taro dumplings","CC BY-SA 2.0","Edsel Little","4032","3024","https://upload.wikimedia.org/wikipedia/commons/4/44/Dish_of_taro_balls_at_Li_Wah_Dim_Sum.jpg",""
"689b73b9-5fbe-4a66-9310-52acce5d8bc8","우곡 성지","안동","File:Fried taro cake.jpg","Taro dumplings, a Cantonese dim sum delicacy that is semi-crunchy on the outside and warm and soft on the inside.","CC-BY-SA-4.0 | Dim sum in Hong Kong | Dim sum in paper candy cups | Files with coordinates missing SDC location of creation | Self-published work | Taro dumplings","CC BY-SA 4.0","Haha169","4208","2368","https://upload.wikimedia.org/wikipedia/commons/c/cb/Fried_taro_cake.jpg",""
"689b73b9-5fbe-4a66-9310-52acce5d8bc8","우곡 성지","안동","File:HK SKW 筲箕灣道 92-102 Shau Kei Wan Road 業寧大廈 Yip Ning Building shop 包龍皇 Dragon Stars Dim Sum Master food 芋角 Taro dumplings May 2022 Px3.jpg","HK SKW zh:筲箕灣道 92-102 Shau Kei Wan Road 業寧大廈 Yip Ning Building shop 包龍皇 Dragon Stars Dim Sum Master food in May 2022","2022 in Shau Kei Wan Road | CC-BY-SA-4.0 | Dim sum in Hong Kong | Dragon Stars Dim Sum Master | Files with coordinates missing SDC location of creation | Food shops in Sai Wan Ho | Hong Kong photographs taken on 2022-05-08 | May 2022 in Sai Wan Ho | Photographs by Anonymous Hong Kong Photographer 1 | Self-published work | Shops in Shau Kei Wan Road | Taro dumplings","CC BY-SA 4.0","SOAOKAITSAM BROAD WAY 085","4000","3000","https://upload.wikimedia.org/wikipedia/commons/6/64/HK_SKW_%E7%AD%B2%E7%AE%95%E7%81%A3%E9%81%93_92-102_Shau_Kei_Wan_Road_%E6%A5%AD%E5%AF%A7%E5%A4%A7%E5%BB%88_Yip_Ning_Building_shop_%E5%8C%85%E9%BE%8D%E7%9A%87_Dragon_Stars_Dim_Sum_Master_food_%E8%8A%8B%E8%A7%92_Taro_dumplings_May_2022_Px3.jpg",""
"b61d59eb-f91d-4814-859f-754e7fa2f810","성내동 성당","원주","File:Seongnae 1(il)-dong Community Service Center 20140621 180448.jpg","Seongnae 1(il)-dong Comunity Service Center (Gangdong-gu)","CC-BY-SA-3.0 | Community service center in Gangdong-gu | Self-published work | Uploaded from Korean Wikipedia using UploadWizard | Uploaded via Campaign:ko","CC BY-SA 3.0","안우석","3264","2448","https://upload.wikimedia.org/wikipedia/commons/7/74/Seongnae_1%28il%29-dong_Community_Service_Center_20140621_180448.jpg",""
"b61d59eb-f91d-4814-859f-754e7fa2f810","성내동 성당","원주","File:Jungu-daegu.png","대구시 중구 행정구역","Jung-gu, Daegu | Korean-language maps of South Korea | Maps of South Korea | PD-self | Self-published work","Public domain","장길산","1500","1112","https://upload.wikimedia.org/wikipedia/commons/5/51/Jungu-daegu.png",""
"b61d59eb-f91d-4814-859f-754e7fa2f810","성내동 성당","원주","File:Samcheok-map.png","삼척시 행정구역","Korean-language maps of South Korea | Maps of Gangwon-do (South Korea) | Maps of Samcheok | PD-self | Self-published work","Public domain","장길산","1000","1043","https://upload.wikimedia.org/wikipedia/commons/4/44/Samcheok-map.png",""
"b61d59eb-f91d-4814-859f-754e7fa2f810","성내동 성당","원주","File:안진환,중광,중용형 큰누이,큰누이 고모님,은재-재정이.jpg","미국에서 일시 귀국하여 칠순날 강동구 성내동 외사촌누이댁에서 매부 신일상과 외삼촌 안장근 안소순여사님","1987년 9월 20일 강동구 둔촌동 안광순(매부 신일상 장충초등교 동기동창이며 외사촌집 | CC-BY-SA-4.0 | Self-published work","CC BY-SA 4.0","안혁준","4344","3120","https://upload.wikimedia.org/wikipedia/commons/1/17/%EC%95%88%EC%A7%84%ED%99%98%2C%EC%A4%91%EA%B4%91%2C%EC%A4%91%EC%9A%A9%ED%98%95_%ED%81%B0%EB%88%84%EC%9D%B4%2C%ED%81%B0%EB%88%84%EC%9D%B4_%EA%B3%A0%EB%AA%A8%EB%8B%98%2C%EC%9D%80%EC%9E%AC-%EC%9E%AC%EC%A0%95%EC%9D%B4.jpg",""
"6c01a0db-8673-492d-8f77-c71a18c5ba8e","신암리 성당","의정부","File:YU-PCEgnb.jpg","영양군 수비면 신암리 산 19-82 울진군 금강송면 광회리 경계지역 지방도 제917호선 도로변 분천화강편마암","Buncheon granite gneiss | CC-BY-SA-4.0 | Geology of Uljin | Self-published work | Uploaded from Korean Wikipedia using UploadWizard | Uploaded via Campaign:ko","CC BY-SA 4.0","Dittwjfsdgkvkdjg","6016","4016","https://upload.wikimedia.org/wikipedia/commons/b/b0/YU-PCEgnb.jpg",""
"6c01a0db-8673-492d-8f77-c71a18c5ba8e","신암리 성당","의정부","File:영주 신암리 마애여래삼존상.jpg","영주 신암리 마애여래삼존상","Historic sites in Korea | KOGL Type 1","KOGL Type 1","국가유산청","1080","716","https://upload.wikimedia.org/wikipedia/commons/d/d8/%EC%98%81%EC%A3%BC_%EC%8B%A0%EC%95%94%EB%A6%AC_%EB%A7%88%EC%95%A0%EC%97%AC%EB%9E%98%EC%82%BC%EC%A1%B4%EC%83%81.jpg",""
"5ba9bfec-e762-4b98-9430-87c6ec27c234","양주 순교 성지","의정부","File:양주 온릉 02.jpg","사적 제210호 양주 온릉 (楊州 溫陵) - 능비","CC-BY-SA-4.0 | Uploaded from Korean Wikipedia using UploadWizard | Uploaded via Campaign:ko | Yangju","CC BY-SA 4.0","문화재청 (공공누리 제1유형)","614","800","https://upload.wikimedia.org/wikipedia/commons/9/90/%EC%96%91%EC%A3%BC_%EC%98%A8%EB%A6%89_02.jpg",""
"5ba9bfec-e762-4b98-9430-87c6ec27c234","양주 순교 성지","의정부","File:양주 온릉 03.jpg","사적 제210호 양주 온릉 (楊州 溫陵) - 석물(석인,석수)배치상태","CC-BY-SA-4.0 | Uploaded from Korean Wikipedia using UploadWizard | Uploaded via Campaign:ko | Yangju","CC BY-SA 4.0","문화재청 (공공누리 제1유형)","750","577","https://upload.wikimedia.org/wikipedia/commons/8/81/%EC%96%91%EC%A3%BC_%EC%98%A8%EB%A6%89_03.jpg",""
"5ba9bfec-e762-4b98-9430-87c6ec27c234","양주 순교 성지","의정부","File:양주 온릉 01.jpg","사적 제210호 양주 온릉 (楊州 溫陵) - 근경","CC-BY-SA-4.0 | Uploaded from Korean Wikipedia using UploadWizard | Uploaded via Campaign:ko | Yangju","CC BY-SA 4.0","문화재청 (공공누리 제1유형)","750","608","https://upload.wikimedia.org/wikipedia/commons/4/45/%EC%96%91%EC%A3%BC_%EC%98%A8%EB%A6%89_01.jpg",""
"5ba9bfec-e762-4b98-9430-87c6ec27c234","양주 순교 성지","의정부","File:양주 대모산성 01.jpg","사적 제526호 양주 대모산성 (楊州 大母山城)","CC-BY-SA-4.0 | Uploaded from Korean Wikipedia using UploadWizard | Uploaded via Campaign:ko | Yangju","CC BY-SA 4.0","문화재청 (공공누리 제1유형)","800","559","https://upload.wikimedia.org/wikipedia/commons/b/ba/%EC%96%91%EC%A3%BC_%EB%8C%80%EB%AA%A8%EC%82%B0%EC%84%B1_01.jpg",""
"a761a429-7b21-4328-90f3-d515302ee6c8","행주 성당","의정부","File:Dishcloths.jpg","Here are four colorful dishrags I knitted. The ""Warshrag"" pattern came from Mason-Dixon Knitting.","CC-BY-SA-2.0 | Dishcloths | Flickr images reviewed by FlickreviewR | Knitted objects","CC BY-SA 2.0","anna saccheri from Palo Alto, United States","2048","1536","https://upload.wikimedia.org/wikipedia/commons/9/9d/Dishcloths.jpg",""
"a761a429-7b21-4328-90f3-d515302ee6c8","행주 성당","의정부","File:White dishcloth on a stainless steel kitchen sink 2.jpg","White patent knitted dishcloth on a stainless steel kitchen sink. Photographed in Brastad, Lysekil Municipality, Sweden.","CC-Zero | Dishcloths | Files with coordinates missing SDC location of creation | Images by W.carter | Self-published work | Studio photography by W.carter in Tuntorp, Brastad","CC0","W.carter","3996","3232","https://upload.wikimedia.org/wikipedia/commons/4/45/White_dishcloth_on_a_stainless_steel_kitchen_sink_2.jpg",""
"a761a429-7b21-4328-90f3-d515302ee6c8","행주 성당","의정부","File:White dishcloth on a stainless steel kitchen sink 1.jpg","White patent knitted dishcloth on a stainless steel kitchen sink. Photographed in Brastad, Lysekil Municipality, Sweden.","CC-Zero | Dishcloths | Files with coordinates missing SDC location of creation | Images by W.carter | Self-published work | Studio photography by W.carter in Tuntorp, Brastad","CC0","W.carter","4263","3283","https://upload.wikimedia.org/wikipedia/commons/9/95/White_dishcloth_on_a_stainless_steel_kitchen_sink_1.jpg",""
"a761a429-7b21-4328-90f3-d515302ee6c8","행주 성당","의정부","File:Natte vaatdoek hangt te drogen aan een rekje bij het aanrecht 2024.jpg","Natte vaatdoek hangt te drogen aan een rekje bij het aanrecht","CC-BY-SA-4.0 | Dishcloths | Holders | Netherlands photographs taken on 2024-10-27 | Self-published work | Textiles of the Netherlands | Uploads by user:JopkeB","CC BY-SA 4.0","JopkeB","2560","1892","https://upload.wikimedia.org/wikipedia/commons/e/e7/Natte_vaatdoek_hangt_te_drogen_aan_een_rekje_bij_het_aanrecht_2024.jpg",""
"85ff5760-a3a0-4a5d-9065-867ff9a14465","백령도 성지","인천","File:Baekryong landsat zoom.jpg","NASA Landsat image of Baengnyeong Island, South Korea","Baengnyeong Island | Geography of Incheon | Landsat images of South Korea | Ongjin | PD NASA | Yellow Sea","Public domain","NASA and Earthsat Cropped &amp; text added by User:Amble","652","455","https://upload.wikimedia.org/wikipedia/commons/6/69/Baekryong_landsat_zoom.jpg",""
"85ff5760-a3a0-4a5d-9065-867ff9a14465","백령도 성지","인천","File:옹진 백령도 남포리 습곡구조 (천연기념물 제507호).jpg","옹진 백령도 남포리 습곡구조 (천연기념물 제507호)","Baengnyeong Island | KOGL Type 1 | Natural monuments in South Korea","KOGL Type 1","문화재청","3872","2592","https://upload.wikimedia.org/wikipedia/commons/b/b0/%EC%98%B9%EC%A7%84_%EB%B0%B1%EB%A0%B9%EB%8F%84_%EB%82%A8%ED%8F%AC%EB%A6%AC_%EC%8A%B5%EA%B3%A1%EA%B5%AC%EC%A1%B0_%28%EC%B2%9C%EC%97%B0%EA%B8%B0%EB%85%90%EB%AC%BC_%EC%A0%9C507%ED%98%B8%29.jpg",""
"85ff5760-a3a0-4a5d-9065-867ff9a14465","백령도 성지","인천","File:Kongdol Pebble Beach in Nampo-ri, Baengnyeongdo Island.jpg","자갈로 이루어진 해변이 인상적인 백령도 남포리의 콩돌 해변.","Baengnyeong Island | CC-BY-SA-4.0 | Cultural heritage monuments in Incheon | Self-published work","CC BY-SA 4.0","Trainholic","4985","3323","https://upload.wikimedia.org/wikipedia/commons/c/c9/Kongdol_Pebble_Beach_in_Nampo-ri%2C_Baengnyeongdo_Island.jpg",""
"85ff5760-a3a0-4a5d-9065-867ff9a14465","백령도 성지","인천","File:Sand Beach at Sagot Cape on Baengnyeongdo Island.jpg","백령도의 천연기념물 중 하나인 사곶 사빈, 과거 천연비행장으로 쓰였던 이력도 있다.","Baengnyeong Island | CC-BY-SA-4.0 | Cultural heritage monuments in Incheon | Self-published work","CC BY-SA 4.0","Trainholic","5053","3369","https://upload.wikimedia.org/wikipedia/commons/2/28/Sand_Beach_at_Sagot_Cape_on_Baengnyeongdo_Island.jpg",""
"dfade181-063e-4fa9-9b24-9cc1c1e9cadd","김제 순교 성지","전주","File:Korea-Gimje-Cityscape-01.jpg","the hill at the end of town the air was hazy because it was autumn and they were burning rice straw in the fields","CC-BY-2.0 | Flickr images reviewed by File Upload Bot (Magnus Manske) | Gimje | Namsan | Taken with Canon PowerShot S40","CC BY 2.0","Neil Landreville","2272","1587","https://upload.wikimedia.org/wikipedia/commons/9/91/Korea-Gimje-Cityscape-01.jpg",""
"dfade181-063e-4fa9-9b24-9cc1c1e9cadd","김제 순교 성지","전주","File:Gimje Banner.jpg","Kimje, Korea","Autumn in Jeollabuk-do | CC-BY-2.0 | Extracted images | Files with coordinates missing SDC location of creation | Gimje","CC BY 2.0","Neil Landreville","2272","325","https://upload.wikimedia.org/wikipedia/commons/d/d4/Gimje_Banner.jpg",""
"dfade181-063e-4fa9-9b24-9cc1c1e9cadd","김제 순교 성지","전주","File:Arirang Literary Village,Gimje,Jeollabuk-do.jpeg","The photo has been taken in October 2019","CC-BY-SA-4.0 | Gimje | Grass in South Korea | Self-published work","CC BY-SA 4.0","Ehddl2525","720","960","https://upload.wikimedia.org/wikipedia/commons/f/fb/Arirang_Literary_Village%2CGimje%2CJeollabuk-do.jpeg",""
"dfade181-063e-4fa9-9b24-9cc1c1e9cadd","김제 순교 성지","전주","File:Gimje - farming area when harvest over.jpg","gimje - farming area when harvest over","CC-BY-SA-4.0 | Fields in Korea | Gimje | Self-published work","CC BY-SA 4.0","Choisieon","3024","4032","https://upload.wikimedia.org/wikipedia/commons/3/3f/Gimje_-_farming_area_when_harvest_over.jpg",""
"d55432d2-ae7b-4416-9f8d-9f14815e7328","천호성지","전주","File:South Korea Buddha's Birthday ceremony 2015.jpg","Moon Jae-in (left), Kim Moo-sung (centre), and Cheon Ho-sun (right) at the Buddha's Birthday ceremony in South Korea.","2015 photographs of South Korea | CC-BY-SA-2.0 | Files from Korea.net Flickr stream | Flickr images missing SDC creator | Flickr images missing SDC source of file | Flickr images reviewed by trusted users | Items with VRTS permission confirmed | Kim Moo-sung | Moon Jae-in in 2015","CC BY-SA 2.0","Jeon Han, Government of the Republic of Korea","3348","1818","https://upload.wikimedia.org/wikipedia/commons/7/7e/South_Korea_Buddha%27s_Birthday_ceremony_2015.jpg",""
"d55432d2-ae7b-4416-9f8d-9f14815e7328","천호성지","전주","File:Cheon Ho-seong preliminary candidate for School Superintendent of Jeollabuk-do, banner hanging on a building.jpg","전라북도 전주시 완산구 백제대로 289에 위치한 육일빌딩에 걸려있는 천호성 전라북도교육감 예비후보 현수막","CC-BY-4.0 | Files with coordinates missing SDC location of creation | Self-published work | South Korean nationwide local election 2018","CC BY 4.0","고려","5312","2988","https://upload.wikimedia.org/wikipedia/commons/a/ab/Cheon_Ho-seong_preliminary_candidate_for_School_Superintendent_of_Jeollabuk-do%2C_banner_hanging_on_a_building.jpg",""
"d55432d2-ae7b-4416-9f8d-9f14815e7328","천호성지","전주","File:547 811 천호 광장.jpg","천호역 지하 1층 광장","CC-BY-SA-2.0-KR | Cheonho Station | Taken with Sony DSC-H5","CC BY-SA 2.0 kr","ko:User:Pectus Solentis (前 ko:User:바리반디 )","2048","1536","https://upload.wikimedia.org/wikipedia/commons/f/fa/547_811_%EC%B2%9C%ED%98%B8_%EA%B4%91%EC%9E%A5.jpg",""
"d55432d2-ae7b-4416-9f8d-9f14815e7328","천호성지","전주","File:547 천호.jpg","547번 천호역 명판","CC-BY-SA-2.0-KR | Taken with Sony DSC-H5 | Train station signs of Seoul Subway Line 5","CC BY-SA 2.0 kr","ko:User:Pectus Solentis (前 ko:User:바리반디 )","640","480","https://upload.wikimedia.org/wikipedia/commons/f/f4/547_%EC%B2%9C%ED%98%B8.jpg",""
"031a928d-7313-4460-a340-0dd276ea02db","배티 순교성지","청주","File:Tony Battie.jpg","Tony Battie at the Washington Wizards v/s Orlando Magic game on 11/27/08","2008–09 Orlando Magic season | CC-BY-SA-2.0 | Flickr images missing SDC published in | Flickr images reviewed by FlickreviewR | NBA photos taken by Keith Allison | Taken with Canon EOS-1D Mark III | Tony Battie","CC BY-SA 2.0","Keith Allison from Baltimore, USA","2465","2806","https://upload.wikimedia.org/wikipedia/commons/8/81/Tony_Battie.jpg",""
"031a928d-7313-4460-a340-0dd276ea02db","배티 순교성지","청주","File:Raptors v magic 2009 bargnani.jpg","Dwight Howard Fights for Two Points","2008–09 Orlando Magic season | 2008–09 Toronto Raptors season | Andrea Bargnani | CC-BY-2.0 | Dwight Howard | Files with coordinates missing SDC location of creation | Flickr images missing SDC published in | Flickr images reviewed by FlickreviewR | José Manuel Calderón | Taken with Pentax K200D | Tony Battie","CC BY 2.0","I'll Never Grow Up from USA","2592","3872","https://upload.wikimedia.org/wikipedia/commons/e/e8/Raptors_v_magic_2009_bargnani.jpg",""
"031a928d-7313-4460-a340-0dd276ea02db","배티 순교성지","청주","File:배티2.jpg","Hapcheon Baeti shale cave","CC-BY-SA-3.0 | Files with coordinates missing SDC location of creation | Hapcheon Baeti Shale Cave | Self-published work | Uploaded from Korean Wikipedia using UploadWizard | Uploaded via Campaign:ko","CC BY-SA 3.0","Dittwjfsdgkvkdjg","2592","1458","https://upload.wikimedia.org/wikipedia/commons/4/44/%EB%B0%B0%ED%8B%B02.jpg",""
"031a928d-7313-4460-a340-0dd276ea02db","배티 순교성지","청주","File:배티5.jpg","Outcrop of Gyeongsang supergroup Jinju formation, Hapcheon county, South Korea","CC-BY-SA-3.0 | Files with coordinates missing SDC location of creation | Hapcheon Baeti Shale Cave | Self-published work | Uploaded from Korean Wikipedia using UploadWizard | Uploaded via Campaign:ko","CC BY-SA 3.0","Dittwjfsdgkvkdjg","4624","2600","https://upload.wikimedia.org/wikipedia/commons/9/96/%EB%B0%B0%ED%8B%B05.jpg",""
"4b1bd009-94ca-4cc5-8217-8c3b6b5491c7","연풍 순교성지","청주","File:Goesan Fire Station Yeonpung Fire House.JPG","괴산소방소 연풍119지역대","CC-BY-SA-3.0 | GFDL | Goesan Fire Station | License migration redundant | Self-published work","CC BY-SA 3.0","hyolee2","2448","3264","https://upload.wikimedia.org/wikipedia/commons/3/3a/Goesan_Fire_Station_Yeonpung_Fire_House.JPG",""
"4b1bd009-94ca-4cc5-8217-8c3b6b5491c7","연풍 순교성지","청주","File:Lone Lightning rod. (21149569).jpg","These are the rods approx 3/8ths of an inch thick they are solid Copper, they have to be heated w/ a high heat flame to get the solder to wick on to t","CC-BY-2.0 | Flickr images reviewed by FlickreviewR 2 | Lightning rods","CC BY 2.0","Ctd 2005","480","640","https://upload.wikimedia.org/wikipedia/commons/4/47/Lone_Lightning_rod._%2821149569%29.jpg",""
"4b1bd009-94ca-4cc5-8217-8c3b6b5491c7","연풍 순교성지","청주","File:20240727 중부내륙고속도로 연풍나들목.jpg","중부내륙고속도로 연풍나들목","CC-Zero | Expressway 40 (South Korea) | Files with coordinates missing SDC location of creation | Roads in Chungcheongbuk-do | Self-published work","CC0","Striker9498","2250","4000","https://upload.wikimedia.org/wikipedia/commons/d/d1/20240727_%EC%A4%91%EB%B6%80%EB%82%B4%EB%A5%99%EA%B3%A0%EC%86%8D%EB%8F%84%EB%A1%9C_%EC%97%B0%ED%92%8D%EB%82%98%EB%93%A4%EB%AA%A9.jpg",""
"4b1bd009-94ca-4cc5-8217-8c3b6b5491c7","연풍 순교성지","청주","File:20250504 34번 국도.jpg","34번 국도 문경 연풍 방면","CC-Zero | National Route 34 (South Korea) | Roads in Gyeongsangbuk-do | Self-published work","CC0","Striker9498","3000","4000","https://upload.wikimedia.org/wikipedia/commons/6/63/20250504_34%EB%B2%88_%EA%B5%AD%EB%8F%84.jpg",""
"5a3dd1fc-5e82-4423-b580-6372e69b41cd","거두리 성당","춘천","File:ROK National Route 5, 46 Geoduri-Mancheonri Border Ecotunnel(Mancheon JC Dir).jpg","Republic of Korea National Route 5 46 Geoduri Mancheonri Border Ecotunnel(Mancheon Junction Direction) Road Name: Sunhwandaero National Route 5 Direct","CC-BY-SA-4.0 | National Route 46 (South Korea) | National Route 5 (South Korea) | Road tunnels in South Korea | Roads in Gangwon-do | Self-published work","CC BY-SA 4.0","Jhcbs1019","4608","3456","https://upload.wikimedia.org/wikipedia/commons/5/57/ROK_National_Route_5%2C_46_Geoduri-Mancheonri_Border_Ecotunnel%28Mancheon_JC_Dir%29.jpg",""
"5671a051-b259-49d8-a404-7bcfcd1f0eb1","묵호 성당","춘천","File:동해 묵호 벽화마을 낙서.JPG","마을 어귀에 논골담길이라는 알록달록한 낙서가 쓰여있다.","CC-BY-SA-3.0 | Self-published work | Visitor attractions in Donghae","CC BY-SA 3.0","이다미","4000","3000","https://upload.wikimedia.org/wikipedia/commons/3/39/%EB%8F%99%ED%95%B4_%EB%AC%B5%ED%98%B8_%EB%B2%BD%ED%99%94%EB%A7%88%EC%9D%84_%EB%82%99%EC%84%9C.JPG",""
"5671a051-b259-49d8-a404-7bcfcd1f0eb1","묵호 성당","춘천","File:동해 묵호 벽화마을 자개장.JPG","시골집에 있을법한 멋스러운 자개장이다.","Buildings in Donghae | CC-BY-SA-3.0 | Self-published work","CC BY-SA 3.0","이다미","4000","3000","https://upload.wikimedia.org/wikipedia/commons/a/a9/%EB%8F%99%ED%95%B4_%EB%AC%B5%ED%98%B8_%EB%B2%BD%ED%99%94%EB%A7%88%EC%9D%84_%EC%9E%90%EA%B0%9C%EC%9E%A5.JPG",""
"5671a051-b259-49d8-a404-7bcfcd1f0eb1","묵호 성당","춘천","File:동해 묵호 벽화마을 자판기.JPG","화장실로 쓰이는 곳을 자판기로 개조했다.","Buildings in Donghae | CC-BY-SA-3.0 | Self-published work","CC BY-SA 3.0","이다미","4000","3000","https://upload.wikimedia.org/wikipedia/commons/0/07/%EB%8F%99%ED%95%B4_%EB%AC%B5%ED%98%B8_%EB%B2%BD%ED%99%94%EB%A7%88%EC%9D%84_%EC%9E%90%ED%8C%90%EA%B8%B0.JPG",""
"5671a051-b259-49d8-a404-7bcfcd1f0eb1","묵호 성당","춘천","File:동해 묵호 벽화마을 전경.JPG","동해 묵호 벽화마을은 곳곳에 집들이 옹기종기 모여있다.","CC-BY-SA-3.0 | Self-published work | Visitor attractions in Donghae","CC BY-SA 3.0","이다미","4000","3000","https://upload.wikimedia.org/wikipedia/commons/d/d8/%EB%8F%99%ED%95%B4_%EB%AC%B5%ED%98%B8_%EB%B2%BD%ED%99%94%EB%A7%88%EC%9D%84_%EC%A0%84%EA%B2%BD.JPG",""
"976e14c9-3957-4682-beb4-c9491bfa9cf9","소양로 성당","춘천","File:Soyang lobby monument group 01.jpg","소양로 비석묘군","CC-BY-SA-4.0 | Files by 분당선M | Files with coordinates missing SDC location of creation | Self-published work","CC BY-SA 4.0","Youngjin","4032","3024","https://upload.wikimedia.org/wikipedia/commons/f/fb/Soyang_lobby_monument_group_01.jpg",""
"976e14c9-3957-4682-beb4-c9491bfa9cf9","소양로 성당","춘천","File:Soyang lobby monument group 02.jpg","소양로 비석묘군","CC-BY-SA-4.0 | Files by 분당선M | Files with coordinates missing SDC location of creation | Self-published work","CC BY-SA 4.0","Youngjin","4032","3024","https://upload.wikimedia.org/wikipedia/commons/9/91/Soyang_lobby_monument_group_02.jpg",""
"79fbe12c-795d-4dda-b12e-4173225d96ca","소양로 순교성지","춘천","File:Soyang lobby monument group 01.jpg","소양로 비석묘군","CC-BY-SA-4.0 | Files by 분당선M | Files with coordinates missing SDC location of creation | Self-published work","CC BY-SA 4.0","Youngjin","4032","3024","https://upload.wikimedia.org/wikipedia/commons/f/fb/Soyang_lobby_monument_group_01.jpg",""
"79fbe12c-795d-4dda-b12e-4173225d96ca","소양로 순교성지","춘천","File:Soyang lobby monument group 02.jpg","소양로 비석묘군","CC-BY-SA-4.0 | Files by 분당선M | Files with coordinates missing SDC location of creation | Self-published work","CC BY-SA 4.0","Youngjin","4032","3024","https://upload.wikimedia.org/wikipedia/commons/9/91/Soyang_lobby_monument_group_02.jpg",""
"cb885f54-2117-4e01-94b7-6fc93576e12f","양양 성지","춘천","File:Yang profile pic.jpg","Yangyang a paris 2016","CC-BY-SA-4.0 | Items with VRTS permission confirmed | Self-published work | Yang Yang | Yang Yang in 2016","CC BY-SA 4.0","Weiwu888","2362","3542","https://upload.wikimedia.org/wikipedia/commons/0/0e/Yang_profile_pic.jpg",""
"cb885f54-2117-4e01-94b7-6fc93576e12f","양양 성지","춘천","File:25th Laureus World Sports Awards - Yang Yang - 240421 153845.jpg","Yang Yang, Laureus Academy member, at the 25th Laureus World Sports Awards.","All media supported by Wikimedia España in 2024 | CC-BY-SA-4.0 | Files with coordinates missing SDC location of creation | Laureus World Sports Awards 2024 - Supported by Wikimedia España | Personality rights warning | Self-published work | Yang Yang (A)","CC BY-SA 4.0","Barcex","3648","4864","https://upload.wikimedia.org/wikipedia/commons/9/94/25th_Laureus_World_Sports_Awards_-_Yang_Yang_-_240421_153845.jpg",""
"cb885f54-2117-4e01-94b7-6fc93576e12f","양양 성지","춘천","File:25th Laureus World Sports Awards - Yang Yang - 240421 153852.jpg","Yang Yang, Laureus Academy member, at the 25th Laureus World Sports Awards.","All media supported by Wikimedia España in 2024 | CC-BY-SA-4.0 | Files with coordinates missing SDC location of creation | Laureus World Sports Awards 2024 - Supported by Wikimedia España | Personality rights warning | Self-published work | Yang Yang (A)","CC BY-SA 4.0","Barcex","3273","4363","https://upload.wikimedia.org/wikipedia/commons/0/01/25th_Laureus_World_Sports_Awards_-_Yang_Yang_-_240421_153852.jpg",""
"cb885f54-2117-4e01-94b7-6fc93576e12f","양양 성지","춘천","File:Yang Yang speed skater Laureus 2024 (cropped).jpg","Yang Yang, the celebrated Chinese speed skater, radiates elegance in a red dress on the red carpet at the 25th Laureus World Sports Awards. As a pione","All media supported by Wikimedia España in 2024 | CC-BY-SA-4.0 | Extracted images | Files with coordinates missing SDC location of creation | Laureus World Sports Awards 2024 - Supported by Wikimedia España | Personality rights warning | Self-published work | Women wearing red dresses | Yang Yang (A)","CC BY-SA 4.0","Barcex","2060","2854","https://upload.wikimedia.org/wikipedia/commons/6/61/Yang_Yang_speed_skater_Laureus_2024_%28cropped%29.jpg",""
"49b8f28e-09d0-46b5-af3b-7e26ecf02844","포천 순교 성지","춘천","File:Pocheon-southkorea-roadsgraph.png","A chart I made from information on the official webpage about the roads in Pocheon south korea.","PD-self | Pocheon | Roads in South Korea | Self-published work","Public domain","Nesnad","600","463","https://upload.wikimedia.org/wikipedia/commons/a/aa/Pocheon-southkorea-roadsgraph.png",""
"49b8f28e-09d0-46b5-af3b-7e26ecf02844","포천 순교 성지","춘천","File:Pocheon City Hall.JPG","경기도 포천시에 있는 포천시청","2015 in Pocheon | Buildings in Pocheon | CC-BY-SA-3.0 | GFDL | License migration redundant | Photographs taken on 2015-03-28 | Self-published work | Town halls in Gyeonggi-do","CC BY-SA 3.0","hyolee2","3264","2448","https://upload.wikimedia.org/wikipedia/commons/8/81/Pocheon_City_Hall.JPG",""
"49b8f28e-09d0-46b5-af3b-7e26ecf02844","포천 순교 성지","춘천","File:Pocheon Auraji Baegae Yongam 180519002.jpg","Pillow Lava in Pocheon Auraji, Natural monuments of South Korea #542","CC-BY-SA-3.0 | Images from Wiki Loves Earth 2018 | Images from Wiki Loves Earth 2018 in South Korea | Images from Wiki Loves Earth missing SDC location of creation | Pocheon | Protected areas of South Korea | Self-published work | South Korea photographs taken on 2018-05-19 | Uploaded via Campaign:wle-kr","CC BY-SA 3.0","Jjw","2493","1578","https://upload.wikimedia.org/wikipedia/commons/7/76/Pocheon_Auraji_Baegae_Yongam_180519002.jpg",""
"49b8f28e-09d0-46b5-af3b-7e26ecf02844","포천 순교 성지","춘천","File:Pocheon Auraji Baegae Yongam 180519001.jpg","Pillow Lava in Pocheon Auraji, Natural monuments of South Korea #542","CC-BY-SA-3.0 | Images from Wiki Loves Earth 2018 | Images from Wiki Loves Earth 2018 in South Korea | Images from Wiki Loves Earth missing SDC location of creation | Pocheon | Protected areas of South Korea | Self-published work | South Korea photographs taken on 2018-05-19 | Uploaded via Campaign:wle-kr","CC BY-SA 3.0","Jjw","6000","4000","https://upload.wikimedia.org/wikipedia/commons/0/06/Pocheon_Auraji_Baegae_Yongam_180519001.jpg",""
"2adae09e-5177-44b3-898c-0b130373bb40","홍천 성당","춘천","File:Polish chicken - Hwiba Finland, Hongcheon (1).jpg","A muffed buff laced polish hen in Hwiba Finland, Hongcheon","CC-Zero | Hens of South Korea | Hongcheon | Padovana | Self-published work | White-laced chickens","CC0","Drcbrothephotographer","4608","3456","https://upload.wikimedia.org/wikipedia/commons/5/5a/Polish_chicken_-_Hwiba_Finland%2C_Hongcheon_%281%29.jpg",""
"2adae09e-5177-44b3-898c-0b130373bb40","홍천 성당","춘천","File:Polish chicken - Hwiba Finland, Hongcheon (2).jpg","A muffed white polish hen in Hwiba Finland, Hongcheon","CC-Zero | Hens of South Korea | Hongcheon | Padovana | Polish (chicken) | Self-published work | White chickens","CC0","Drcbrothephotographer","4608","3456","https://upload.wikimedia.org/wikipedia/commons/c/c5/Polish_chicken_-_Hwiba_Finland%2C_Hongcheon_%282%29.jpg",""
"2adae09e-5177-44b3-898c-0b130373bb40","홍천 성당","춘천","File:Polish chicken - Hwiba Finland, Hongcheon (3).jpg","A trio of white polish hens in Hwiba Finland, Hongcheon","CC-BY-4.0 | Hens of South Korea | Hongcheon | Padovana | Polish (chicken) | Self-published work | White chickens","CC BY 4.0","Drcbrothephotographer","4608","3456","https://upload.wikimedia.org/wikipedia/commons/d/d9/Polish_chicken_-_Hwiba_Finland%2C_Hongcheon_%283%29.jpg",""
"2adae09e-5177-44b3-898c-0b130373bb40","홍천 성당","춘천","File:Polish chicken - Hwiba Finland, Hongcheon (4).jpg","A trio of white polish hens doing sandbath","CC-BY-4.0 | Chickens sandbathing | Creative Commons Attribution 4.0 missing SDC copyright license | Creative Commons Attribution missing SDC copyright status | Hens of South Korea | Hongcheon | Padovana | Polish (chicken) | Self-published work | Self-published work missing SDC copyright license","CC BY 4.0","Drcbrothephotographer","4608","3456","https://upload.wikimedia.org/wikipedia/commons/c/cb/Polish_chicken_-_Hwiba_Finland%2C_Hongcheon_%284%29.jpg",""
